driverId,driverRef,number,code,forename,surname,dob,nationality,url
217,zunino,\N,\N,Ricardo,Zunino,4/13/1949,Argentine,http://en.wikipedia.org/wiki/Ricardo_Zunino
254,zorzi,\N,\N,Renzo,Zorzi,12/12/1946,Italian,http://en.wikipedia.org/wiki/Renzo_Zorzi
41,zonta,\N,ZON,Ricardo,Zonta,3/23/1976,Brazilian,http://en.wikipedia.org/wiki/Ricardo_Zonta
855,zhou,24,ZHO,Guanyu,Zhou,5/30/1999,Chinese,http://en.wikipedia.org/wiki/Guanyu_Zhou
279,zapico,\N,\N,Emilio,Zapico,5/27/1944,Spanish,http://en.wikipedia.org/wiki/Emilio_Zapico
70,zanardi,\N,\N,Alessandro,Zanardi,10/23/1966,Italian,http://en.wikipedia.org/wiki/Alex_Zanardi
62,yoong,\N,\N,Alex,Yoong,7/20/1976,Malaysian,http://en.wikipedia.org/wiki/Alex_Yoong
29,yamamoto,\N,YAM,Sakon,Yamamoto,7/9/1982,Japanese,http://en.wikipedia.org/wiki/Sakon_Yamamoto
25,wurz,\N,WUR,Alexander,Wurz,2/15/1974,Austrian,http://en.wikipedia.org/wiki/Alexander_Wurz
295,wunderink,\N,\N,Roelof,Wunderink,12/12/1948,Dutch,http://en.wikipedia.org/wiki/Roelof_Wunderink
317,wisell,\N,\N,Reine,Wisell,9/30/1941,Swedish,http://en.wikipedia.org/wiki/Reine_Wisell
28,markus_winkelhock,\N,WIN,Markus,Winkelhock,6/13/1980,German,http://en.wikipedia.org/wiki/Markus_Winkelhock
164,joachim_winkelhock,\N,\N,Joachim,Winkelhock,10/24/1960,German,http://en.wikipedia.org/wiki/Joachim_Winkelhock
181,manfred_winkelhock,\N,\N,Manfred,Winkelhock,10/6/1951,German,http://en.wikipedia.org/wiki/Manfred_Winkelhock
51,wilson,\N,\N,Justin,Wilson,7/31/1978,British,http://en.wikipedia.org/wiki/Justin_Wilson_(racing_driver)
228,desire_wilson,\N,\N,Desiré,Wilson,11/26/1953,South African,http://en.wikipedia.org/wiki/Desir%C3%A9_Wilson
398,vic_wilson,\N,\N,Vic,Wilson,4/14/1931,British,http://en.wikipedia.org/wiki/Vic_Wilson_(motor_racing_driver)
539,dempsey_wilson,\N,\N,Dempsey,Wilson,3/11/1927,American,http://en.wikipedia.org/wiki/Dempsey_Wilson
335,williamson,\N,\N,Roger,Williamson,2/2/1948,British,http://en.wikipedia.org/wiki/Roger_Williamson
395,williams,\N,\N,Jonathan,Williams,10/26/1942,British,http://en.wikipedia.org/wiki/Jonathan_Williams_(racing_driver)
283,wilds,\N,\N,Mike,Wilds,1/7/1946,British,http://en.wikipedia.org/wiki/Mike_Wilds
326,wietzes,\N,\N,Eppie,Wietzes,5/28/1938,Canadian,http://en.wikipedia.org/wiki/Eppie_Wietzes
378,widdows,\N,\N,Robin,Widdows,5/27/1942,British,http://en.wikipedia.org/wiki/Robin_Widdows
684,whitehouse,\N,\N,Bill,Whitehouse,4/1/1909,British,http://en.wikipedia.org/wiki/Bill_Whitehouse
687,whitehead,\N,\N,Peter,Whitehead,11/12/1914,British,http://en.wikipedia.org/wiki/Peter_Whitehead_(racing_driver)
745,graham_whitehead,\N,\N,Graham,Whitehead,4/15/1922,British,http://en.wikipedia.org/wiki/Graham_Whitehead
652,whiteaway,\N,\N,Ted,Whiteaway,11/1/1928,British,http://en.wikipedia.org/wiki/Ted_Whiteaway
663,wharton,\N,\N,Ken,Wharton,3/21/1916,British,http://en.wikipedia.org/wiki/Ken_Wharton
563,weyant,\N,\N,Chuck,Weyant,4/3/1923,American,http://en.wikipedia.org/wiki/Chuck_Weyant
367,westbury,\N,\N,Peter,Westbury,5/26/1938,British,http://en.wikipedia.org/wiki/Peter_Westbury
91,wendlinger,\N,\N,Karl,Wendlinger,12/20/1968,Austrian,http://en.wikipedia.org/wiki/Karl_Wendlinger
530,weiler,\N,\N,Wayne,Weiler,12/9/1934,American,http://en.wikipedia.org/wiki/Wayne_Weiler
161,weidler,\N,\N,Volker,Weidler,3/18/1962,German,http://en.wikipedia.org/wiki/Volker_Weidler
836,wehrlein,94,WEH,Pascal,Wehrlein,10/18/1994,German,http://en.wikipedia.org/wiki/Pascal_Wehrlein
17,webber,\N,WEB,Mark,Webber,8/27/1976,Australian,http://en.wikipedia.org/wiki/Mark_Webber_(racing_driver)
677,webb,\N,\N,Travis,Webb,10/8/1910,American,http://en.wikipedia.org/wiki/Travis_Webb
187,watson,\N,\N,John,Watson,5/4/1946,British,http://en.wikipedia.org/wiki/John_Watson_(racing_driver)
118,warwick,\N,\N,Derek,Warwick,8/27/1954,British,http://en.wikipedia.org/wiki/Derek_Warwick
449,ward,\N,\N,Rodger,Ward,1/10/1921,American,http://en.wikipedia.org/wiki/Rodger_Ward
466,walter,\N,\N,Heini,Walter,7/28/1927,Swiss,http://en.wikipedia.org/wiki/Heini_Walter
766,wallard,\N,\N,Lee,Wallard,9/7/1910,American,http://en.wikipedia.org/wiki/Lee_Wallard
338,walker,\N,\N,David,Walker,6/10/1941,Australian,http://en.wikipedia.org/wiki/David_Walker_(racing_driver)
661,peter_walker,\N,\N,Peter,Walker,10/7/1912,British,http://en.wikipedia.org/wiki/Peter_Walker_(driver)
693,wacker,\N,\N,Fred,Wacker,7/10/1918,American,http://en.wikipedia.org/wiki/Fred_Wacker
657,vukovich,\N,\N,Bill,Vukovich,12/13/1918,American,http://en.wikipedia.org/wiki/Bill_Vukovich
303,vonlanthen,\N,\N,Jo,Vonlanthen,5/31/1942,Swiss,http://en.wikipedia.org/wiki/Jo_Vonlanthen
476,trips,\N,\N,Wolfgang,von Trips,5/4/1928,German,http://en.wikipedia.org/wiki/Wolfgang_Graf_Berghe_von_Trips
717,hans_stuck,\N,\N,Hans,von Stuck,12/27/1900,German,http://en.wikipedia.org/wiki/Hans_Von_Stuck
313,opel,\N,\N,Rikky,von Opel,10/14/1947,Liechtensteiner,http://en.wikipedia.org/wiki/Rikky_von_Opel
638,volonterio,\N,\N,Ottorino,Volonterio,12/7/1917,Swiss,http://en.wikipedia.org/wiki/Ottorino_Volonterio
633,villoresi,\N,\N,Luigi,Villoresi,5/16/1909,Italian,http://en.wikipedia.org/wiki/Luigi_Villoresi
198,villeneuve_sr,\N,\N,Jacques,Villeneuve Sr.,11/4/1953,Canadian,http://en.wikipedia.org/wiki/Jacques_Villeneuve_(elder)
35,villeneuve,\N,VIL,Jacques,Villeneuve,4/9/1971,Canadian,http://en.wikipedia.org/wiki/Jacques_Villeneuve
203,gilles_villeneuve,\N,\N,Gilles,Villeneuve,1/18/1950,Canadian,http://en.wikipedia.org/wiki/Gilles_Villeneuve
20,vettel,5,VET,Sebastian,Vettel,7/3/1987,German,http://en.wikipedia.org/wiki/Sebastian_Vettel
50,verstappen,\N,\N,Jos,Verstappen,3/4/1972,Dutch,http://en.wikipedia.org/wiki/Jos_Verstappen
830,max_verstappen,33,VER,Max,Verstappen,9/30/1997,Dutch,http://en.wikipedia.org/wiki/Max_Verstappen
818,vergne,25,VER,Jean-Éric,Vergne,4/25/1990,French,http://en.wikipedia.org/wiki/Jean-%C3%89ric_Vergne
514,veith,\N,\N,Bob,Veith,11/1/1926,American,http://en.wikipedia.org/wiki/Bob_Veith
838,vandoorne,2,VAN,Stoffel,Vandoorne,3/26/1992,Belgian,http://en.wikipedia.org/wiki/Stoffel_Vandoorne
369,rooyen,\N,\N,Basil,van Rooyen,4/19/1939,South African,http://en.wikipedia.org/wiki/Basil_van_Rooyen
298,lennep,\N,\N,Gijs,van Lennep,3/16/1942,Dutch,http://en.wikipedia.org/wiki/Gijs_Van_Lennep
474,vyver,\N,\N,Syd,van der Vyver,6/1/1920,South African,http://en.wikipedia.org/wiki/Syd_van_der_Vyver
758,lof,\N,\N,Dries,van der Lof,8/23/1919,Dutch,http://en.wikipedia.org/wiki/Dries_van_der_Lof
823,garde,\N,VDG,Giedo,van der Garde,4/25/1985,Dutch,http://en.wikipedia.org/wiki/Giedo_van_der_Garde
128,poele,\N,\N,Eric,van de Poele,9/30/1961,Belgian,http://en.wikipedia.org/wiki/Eric_van_de_Poele
425,vaccarella,\N,\N,Nino,Vaccarella,3/4/1933,Italian,http://en.wikipedia.org/wiki/Nino_Vaccarella
623,uria,\N,\N,Alberto,Uria,7/11/1924,Uruguayan,http://en.wikipedia.org/wiki/Alberto_Uria
381,unser,\N,\N,Bobby,Unser,2/20/1934,American,http://en.wikipedia.org/wiki/Bobby_Unser
598,jerry_unser,\N,\N,Jerry,Unser,11/15/1932,American,http://en.wikipedia.org/wiki/Jerry_Unser
724,ulmen,\N,\N,Toni,Ulmen,1/25/1906,German,http://en.wikipedia.org/wiki/Toni_Ulmen
562,turner,\N,\N,Jack,Turner,2/12/1920,American,http://en.wikipedia.org/wiki/Jack_Turner_(driver)
291,tunmer,\N,\N,Guy,Tunmer,12/1/1948,South African,http://en.wikipedia.org/wiki/Guy_Tunmer
74,tuero,\N,\N,Esteban,Tuero,4/22/1978,Argentine,http://en.wikipedia.org/wiki/Esteban_Tuero
852,tsunoda,22,TSU,Yuki,Tsunoda,5/11/2000,Japanese,http://en.wikipedia.org/wiki/Yuki_Tsunoda
15,trulli,\N,TRU,Jarno,Trulli,7/13/1974,Italian,http://en.wikipedia.org/wiki/Jarno_Trulli
427,trintignant,\N,\N,Maurice,Trintignant,10/30/1917,French,http://en.wikipedia.org/wiki/Maurice_Trintignant
245,trimmer,\N,\N,Tony,Trimmer,1/24/1943,British,http://en.wikipedia.org/wiki/Tony_Trimmer
594,tolan,\N,\N,Johnnie,Tolan,10/22/1917,American,http://en.wikipedia.org/wiki/Johnnie_Tolan
636,titterington,\N,\N,Desmond,Titterington,5/1/1928,British,http://en.wikipedia.org/wiki/Desmond_Titterington
368,tingle,\N,\N,Sam,Tingle,8/24/1921,Rhodesian,http://en.wikipedia.org/wiki/Sam_Tingle
515,tingelstad,\N,\N,Bud,Tingelstad,4/4/1928,American,http://en.wikipedia.org/wiki/Bud_Tingelstad
683,thorne,\N,\N,Leslie,Thorne,6/23/1916,British,http://en.wikipedia.org/wiki/Leslie_Thorne
512,thomson,\N,\N,Johnny,Thomson,4/9/1922,American,http://en.wikipedia.org/wiki/Johnny_Thomson
743,thompson,\N,\N,Eric,Thompson,11/4/1919,British,http://en.wikipedia.org/wiki/Eric_Thompson_(racing_driver)
491,thiele,\N,\N,Alfonso,Thiele,4/5/1920,American-Italian,http://en.wikipedia.org/wiki/Alfonso_Thiele
191,thackwell,\N,\N,Mike,Thackwell,3/30/1961,New Zealander,http://en.wikipedia.org/wiki/Mike_Thackwell
553,testut,\N,\N,André,Testut,4/13/1926,Monegasque,http://en.wikipedia.org/wiki/Andr%C3%A9_Testut
523,templeman,\N,\N,Shorty,Templeman,8/12/1919,American,http://en.wikipedia.org/wiki/Shorty_Templeman
613,teague,\N,\N,Marshall,Teague,2/22/1921,American,http://en.wikipedia.org/wiki/Marshall_Teague_(racing_driver)
399,taylor,\N,\N,John,Taylor,3/23/1933,British,http://en.wikipedia.org/wiki/John_Taylor_(racer)
401,trevor_taylor,\N,\N,Trevor,Taylor,12/26/1936,British,http://en.wikipedia.org/wiki/Trevor_Taylor
481,henry_taylor,\N,\N,Henry,Taylor,12/16/1932,British,http://en.wikipedia.org/wiki/Henry_Taylor_(racing_driver)
540,mike_taylor,\N,\N,Mike,Taylor,4/24/1934,British,http://en.wikipedia.org/wiki/Mike_Taylor_(driver)
571,dennis_taylor,\N,\N,Dennis,Taylor,6/12/1921,British,http://en.wikipedia.org/wiki/Dennis_Taylor_(racing_driver)
641,taruffi,\N,\N,Piero,Taruffi,10/12/1906,Italian,http://en.wikipedia.org/wiki/Piero_Taruffi
99,tarquini,\N,\N,Gabriele,Tarquini,3/2/1962,Italian,http://en.wikipedia.org/wiki/Gabriele_Tarquini
588,taramazzo,\N,\N,Luigi,Taramazzo,5/5/1932,Italian,http://en.wikipedia.org/wiki/Luigi_Taramazzo
175,tambay,\N,\N,Patrick,Tambay,6/25/1949,French,http://en.wikipedia.org/wiki/Patrick_Tambay
272,takahashi,\N,\N,Kunimitsu,Takahashi,1/29/1940,Japanese,http://en.wikipedia.org/wiki/Kunimitsu_Takahashi
274,takahara,\N,\N,Noritake,Takahara,6/6/1951,Japanese,http://en.wikipedia.org/wiki/Noritake_Takahara
68,takagi,\N,\N,Toranosuke,Takagi,2/12/1974,Japanese,http://en.wikipedia.org/wiki/Toranosuke_Takagi
628,sweikert,\N,\N,Bob,Sweikert,5/20/1926,American,http://en.wikipedia.org/wiki/Bob_Sweikert
680,swaters,\N,\N,Jacques,Swaters,10/30/1926,American,http://en.wikipedia.org/wiki/Jacques_Swaters
88,suzuki,\N,\N,Aguri,Suzuki,9/8/1960,Japanese,http://en.wikipedia.org/wiki/Aguri_Suzuki
126,toshio_suzuki,\N,\N,Toshio,Suzuki,3/10/1955,Japanese,http://en.wikipedia.org/wiki/Toshio_Suzuki_(driver)
536,sutton,\N,\N,Len,Sutton,8/9/1925,American,http://en.wikipedia.org/wiki/Len_Sutton
16,sutil,99,SUT,Adrian,Sutil,1/11/1983,German,http://en.wikipedia.org/wiki/Adrian_Sutil
264,sutcliffe,\N,\N,Andy,Sutcliffe,5/9/1947,British,http://en.wikipedia.org/wiki/Andy_Sutcliffe
341,surtees,\N,\N,John,Surtees,2/11/1934,British,http://en.wikipedia.org/wiki/John_Surtees
176,surer,\N,\N,Marc,Surer,9/18/1951,Swiss,http://en.wikipedia.org/wiki/Marc_Surer
193,sullivan,\N,\N,Danny,Sullivan,3/9/1950,American,http://en.wikipedia.org/wiki/Danny_Sullivan
285,stuppacher,\N,\N,Otto,Stuppacher,3/3/1947,Austrian,http://en.wikipedia.org/wiki/Otto_Stuppacher
233,stuck,\N,\N,Hans-Joachim,Stuck,1/1/1951,German,http://en.wikipedia.org/wiki/Hans_Joachim_Stuck
840,stroll,18,STR,Lance,Stroll,10/29/1998,Canadian,http://en.wikipedia.org/wiki/Lance_Stroll
166,streiff,\N,\N,Philippe,Streiff,6/26/1955,French,http://en.wikipedia.org/wiki/Philippe_Streiff
243,stommelen,\N,\N,Rolf,Stommelen,7/11/1943,German,http://en.wikipedia.org/wiki/Rolf_Stommelen
216,stohr,\N,\N,Siegfried,Stohr,10/10/1952,Italian,http://en.wikipedia.org/wiki/Siegfried_Stohr
328,stewart,\N,\N,Jackie,Stewart,6/11/1939,British,http://en.wikipedia.org/wiki/Jackie_Stewart
706,jimmy_stewart,\N,\N,Jimmy,Stewart,3/6/1931,British,http://en.wikipedia.org/wiki/Jimmy_Stewart_(racing_driver)
707,ian_stewart,\N,\N,Ian,Stewart,7/15/1929,British,http://en.wikipedia.org/wiki/Ian_Stewart_(racing_driver)
521,stevenson,\N,\N,Chuck,Stevenson,10/15/1919,American,http://en.wikipedia.org/wiki/Chuck_Stevenson
829,stevens,28,STE,Will,Stevens,6/28/1991,British,http://en.wikipedia.org/wiki/Will_Stevens
447,starrabba,\N,\N,Gaetano,Starrabba,12/3/1932,Italian,http://en.wikipedia.org/wiki/Gaetano_Starrabba
502,stacey,\N,\N,Alan,Stacey,8/29/1933,British,http://en.wikipedia.org/wiki/Alan_Stacey
374,spence,\N,\N,Mike,Spence,12/30/1936,British,http://en.wikipedia.org/wiki/Mike_Spence
26,speed,\N,SPE,Scott,Speed,1/24/1983,American,http://en.wikipedia.org/wiki/Scott_Speed
662,sparken,\N,\N,Mike,Sparken,6/16/1930,French,http://en.wikipedia.org/wiki/Mike_Sparken
226,south,\N,\N,Stephen,South,2/19/1952,British,http://en.wikipedia.org/wiki/Stephen_South
80,sospiri,\N,\N,Vincenzo,Sospiri,10/7/1966,Italian,http://en.wikipedia.org/wiki/Vincenzo_Sospiri
793,sommer,\N,\N,Raymond,Sommer,8/31/1906,French,http://en.wikipedia.org/wiki/Raymond_Sommer
339,roig,\N,\N,Alex,Soler-Roig,10/29/1932,Spanish,http://en.wikipedia.org/wiki/Alex_Soler-Roig
382,solana,\N,\N,Moisés,Solana,12/26/1935,Mexican,http://en.wikipedia.org/wiki/Mois%C3%A9s_Solana
458,slotemaker,\N,\N,Rob,Slotemaker,6/13/1929,Dutch,http://en.wikipedia.org/wiki/Rob_Slotemaker
845,sirotkin,35,SIR,Sergey,Sirotkin,8/27/1995,Russian,http://en.wikipedia.org/wiki/Sergey_Sirotkin_(racing_driver)
609,simon,\N,\N,André,Simon,1/5/1920,French,http://en.wikipedia.org/wiki/Andr%C3%A9_Simon_(racing_driver)
346,siffert,\N,\N,Jo,Siffert,7/7/1936,Swiss,http://en.wikipedia.org/wiki/Jo_Siffert
464,shelly,\N,\N,Tony,Shelly,2/2/1937,New Zealander,http://en.wikipedia.org/wiki/Tony_Shelly
566,shelby,\N,\N,Carroll,Shelby,1/11/1923,American,http://en.wikipedia.org/wiki/Carroll_Shelby
778,shawe_taylor,\N,\N,Brian,Shawe Taylor,1/28/1915,British,http://en.wikipedia.org/wiki/Brian_Shawe_Taylor
434,sharp,\N,\N,Hap,Sharp,1/1/1928,American,http://en.wikipedia.org/wiki/Hap_Sharp
438,settember,\N,\N,Tony,Settember,7/10/1926,American,http://en.wikipedia.org/wiki/Tony_Settember
359,gavin,\N,\N,Johnny,Servoz-Gavin,1/18/1942,French,http://en.wikipedia.org/wiki/Johnny_Servoz-Gavin
411,serrurier,\N,\N,Doug,Serrurier,12/9/1920,South African,http://en.wikipedia.org/wiki/Doug_Serrurier
192,serra,\N,\N,Chico,Serra,2/3/1957,Brazilian,http://en.wikipedia.org/wiki/Chico_Serra
802,serafini,\N,\N,Dorino,Serafini,7/22/1909,Italian,http://en.wikipedia.org/wiki/Dorino_Serafini
102,senna,\N,\N,Ayrton,Senna,3/21/1960,Brazilian,http://en.wikipedia.org/wiki/Ayrton_Senna
811,bruno_senna,\N,SEN,Bruno,Senna,10/15/1983,Brazilian,http://en.wikipedia.org/wiki/Bruno_Senna
445,seiffert,\N,\N,Günther,Seiffert,10/18/1937,German,http://en.wikipedia.org/wiki/G%C3%BCnther_Seiffert
455,seidel,\N,\N,Wolfgang,Seidel,7/4/1926,German,http://en.wikipedia.org/wiki/Wolfgang_Seidel
634,scotti,\N,\N,Piero,Scotti,11/11/1909,Italian,http://en.wikipedia.org/wiki/Piero_Scotti
637,scott_Brown,\N,\N,Archie,Scott Brown,5/13/1927,British,http://en.wikipedia.org/wiki/Archie_Scott_Brown
702,bob_scott,\N,\N,Bob,Scott,10/4/1928,American,http://en.wikipedia.org/wiki/Bob_Scott_(auto_racer)
267,schuppan,\N,\N,Vern,Schuppan,3/19/1943,Australian,http://en.wikipedia.org/wiki/Vern_Schuppan
23,ralf_schumacher,\N,SCH,Ralf,Schumacher,6/30/1975,German,http://en.wikipedia.org/wiki/Ralf_Schumacher
30,michael_schumacher,\N,MSC,Michael,Schumacher,1/3/1969,German,http://en.wikipedia.org/wiki/Michael_Schumacher
854,mick_schumacher,47,MSC,Mick,Schumacher,3/22/1999,German,http://en.wikipedia.org/wiki/Mick_Schumacher
469,schroeder,\N,\N,Rob,Schroeder,5/11/1926,British,http://en.wikipedia.org/wiki/Rob_Schroeder
755,schoeller,\N,\N,Rudolf,Schoeller,4/27/1902,Swiss,http://en.wikipedia.org/wiki/Rudolf_Schoeller
146,schneider,\N,\N,Bernd,Schneider,7/20/1964,German,http://en.wikipedia.org/wiki/Bernd_Schneider_(racecar_driver)
168,schlesser,\N,\N,Jean-Louis,Schlesser,9/12/1948,French,http://en.wikipedia.org/wiki/Jean-Louis_Schlesser
377,jo_schlesser,\N,\N,Jo,Schlesser,5/18/1928,French,http://en.wikipedia.org/wiki/Jo_Schlesser
729,schindler,\N,\N,Bill,Schindler,3/6/1909,American,http://en.wikipedia.org/wiki/Bill_Schindler
461,schiller,\N,\N,Heinz,Schiller,1/25/1930,Swiss,http://en.wikipedia.org/wiki/Heinz_Schiller
93,schiattarella,\N,\N,Domenico,Schiattarella,11/17/1967,Italian,http://en.wikipedia.org/wiki/Domenico_Schiattarella
719,scherrer,\N,\N,Albert,Scherrer,2/28/1908,Swiss,http://en.wikipedia.org/wiki/Albert_Scherrer
314,schenken,\N,\N,Tim,Schenken,9/26/1943,Australian,http://en.wikipedia.org/wiki/Tim_Schenken
501,schell,\N,\N,Harry,Schell,6/29/1921,American,http://en.wikipedia.org/wiki/Harry_Schell
222,scheckter,\N,\N,Jody,Scheckter,1/29/1950,South African,http://en.wikipedia.org/wiki/Jody_Scheckter
251,ian_scheckter,\N,\N,Ian,Scheckter,8/22/1947,South African,http://en.wikipedia.org/wiki/Ian_Scheckter
483,scarlatti,\N,\N,Giorgio,Scarlatti,10/2/1921,Italian,http://en.wikipedia.org/wiki/Giorgio_Scarlatti
375,scarfiotti,\N,\N,Ludovico,Scarfiotti,10/18/1933,Italian,http://en.wikipedia.org/wiki/Ludovico_Scarfiotti
700,scarborough,\N,\N,Carl,Scarborough,7/3/1914,American,http://en.wikipedia.org/wiki/Carl_Scarborough
11,sato,\N,SAT,Takuma,Sato,1/28/1977,Japanese,http://en.wikipedia.org/wiki/Takuma_Sato
72,sarrazin,\N,\N,Stéphane,Sarrazin,11/2/1975,French,http://en.wikipedia.org/wiki/St%C3%A9phane_Sarrazin
763,sanesi,\N,\N,Consalvo,Sanesi,3/28/1911,Italian,http://en.wikipedia.org/wiki/Consalvo_Sanesi
456,salvadori,\N,\N,Roy,Salvadori,5/12/1922,British,http://en.wikipedia.org/wiki/Roy_Salvadori
63,salo,\N,\N,Mika,Salo,11/30/1966,Finnish,http://en.wikipedia.org/wiki/Mika_Salo
194,salazar,\N,\N,Eliseo,Salazar,11/14/1954,Chilean,http://en.wikipedia.org/wiki/Eliseo_Salazar
832,sainz,55,SAI,Carlos,Sainz,9/1/1994,Spanish,http://en.wikipedia.org/wiki/Carlos_Sainz_Jr.
575,said,\N,\N,Bob,Said,5/5/1932,American,http://en.wikipedia.org/wiki/Bob_Said
527,sachs,\N,\N,Eddie,Sachs,5/28/1927,American,http://en.wikipedia.org/wiki/Eddie_Sachs
493,ryan,\N,\N,Peter,Ryan,6/10/1940,Canadian,http://en.wikipedia.org/wiki/Peter_Ryan_(driver)
526,ruttman,\N,\N,Troy,Ruttman,3/11/1930,American,http://en.wikipedia.org/wiki/Troy_Ruttman
402,geki,\N,\N,Giacomo,Russo,10/23/1937,Italian,http://en.wikipedia.org/wiki/Geki_(driver)
532,russo,\N,\N,Eddie,Russo,11/19/1925,American,http://en.wikipedia.org/wiki/Eddie_Russo
555,paul_russo,\N,\N,Paul,Russo,4/10/1914,American,http://en.wikipedia.org/wiki/Paul_Russo
847,russell,63,RUS,George,Russell,2/15/1998,British,http://en.wikipedia.org/wiki/George_Russell_%28racing_driver%29
494,ruby,\N,\N,Lloyd,Ruby,1/12/1928,American,http://en.wikipedia.org/wiki/Lloyd_Ruby
179,rothengatter,\N,\N,Huub,Rothengatter,10/8/1954,Dutch,http://en.wikipedia.org/wiki/Huub_Rothengatter
834,rossi,53,RSS,Alexander,Rossi,9/25/1991,American,http://en.wikipedia.org/wiki/Alexander_Rossi_%28racing_driver%29
73,rosset,\N,\N,Ricardo,Rosset,7/27/1968,Brazilian,http://en.wikipedia.org/wiki/Ricardo_Rosset
627,rosier,\N,\N,Louis,Rosier,11/5/1905,French,http://en.wikipedia.org/wiki/Louis_Rosier
768,rose,\N,\N,Mauri,Rose,5/26/1906,American,http://en.wikipedia.org/wiki/Mauri_Rose
3,rosberg,6,ROS,Nico,Rosberg,6/27/1985,German,http://en.wikipedia.org/wiki/Nico_Rosberg
177,keke_rosberg,\N,\N,Keke,Rosberg,12/6/1948,Finnish,http://en.wikipedia.org/wiki/Keke_Rosberg
318,roos,\N,\N,Bertil,Roos,10/12/1943,Swedish,http://en.wikipedia.org/wiki/Bertil_Roos
666,rolt,\N,\N,Tony,Rolt,10/16/1918,British,http://en.wikipedia.org/wiki/Tony_Rolt
421,rollinson,\N,\N,Alan,Rollinson,5/15/1943,British,http://en.wikipedia.org/wiki/Alan_Rollinson
762,rol,\N,\N,Franco,Rol,6/5/1908,Italian,http://en.wikipedia.org/wiki/Franco_Rol
345,rodriguez,\N,\N,Pedro,Rodríguez,1/18/1940,Mexican,http://en.wikipedia.org/wiki/Pedro_Rodr%C3%ADguez_(racing_driver)
454,ricardo_rodriguez,\N,\N,Ricardo,Rodríguez,2/14/1942,Mexican,http://en.wikipedia.org/wiki/Ricardo_Rodr%C3%ADguez_(Formula_One)
308,robarts,\N,\N,Richard,Robarts,9/22/1944,British,http://en.wikipedia.org/wiki/Richard_Robarts
685,riseley_prichard,\N,\N,John,Riseley-Prichard,1/17/1924,British,http://en.wikipedia.org/wiki/John_Riseley-Prichard
358,rindt,\N,\N,Jochen,Rindt,4/18/1942,Austrian,http://en.wikipedia.org/wiki/Jochen_Rindt
727,rigsby,\N,\N,Jim,Rigsby,6/6/1923,American,http://en.wikipedia.org/wiki/Jim_Rigsby
751,riess,\N,\N,Fritz,Riess,7/11/1922,German,http://en.wikipedia.org/wiki/Fritz_Riess
781,richardson,\N,\N,Ken,Richardson,8/21/1911,British,http://en.wikipedia.org/wiki/Ken_Richardson_(race_car_driver)
817,ricciardo,3,RIC,Daniel,Ricciardo,7/1/1989,Australian,http://en.wikipedia.org/wiki/Daniel_Ricciardo
237,ribeiro,\N,\N,Alex,Ribeiro,11/7/1948,Brazilian,http://en.wikipedia.org/wiki/Alex_Ribeiro
419,rhodes,\N,\N,John,Rhodes,8/18/1927,British,http://en.wikipedia.org/wiki/John_Rhodes_(driver)
309,revson,\N,\N,Peter,Revson,2/27/1939,American,http://en.wikipedia.org/wiki/Peter_Revson
508,reventlow,\N,\N,Lance,Reventlow,2/24/1936,American,http://en.wikipedia.org/wiki/Lance_Reventlow
199,reutemann,\N,\N,Carlos,Reutemann,4/12/1942,Argentine,http://en.wikipedia.org/wiki/Carlos_Reutemann
223,regazzoni,\N,\N,Clay,Regazzoni,9/5/1939,Swiss,http://en.wikipedia.org/wiki/Clay_Regazzoni
390,rees,\N,\N,Alan,Rees,1/12/1938,British,http://en.wikipedia.org/wiki/Alan_Rees_(racing_driver)
415,reed,\N,\N,Ray,Reed,4/30/1932,South African,http://en.wikipedia.org/wiki/Ray_Reed
592,reece,\N,\N,Jimmy,Reece,11/17/1929,American,http://en.wikipedia.org/wiki/Jimmy_Reece
312,redman,\N,\N,Brian,Redman,3/9/1937,British,http://en.wikipedia.org/wiki/Brian_Redman
212,rebaque,\N,\N,Hector,Rebaque,2/5/1956,Mexican,http://en.wikipedia.org/wiki/Hector_Rebaque
107,ratzenberger,\N,\N,Roland,Ratzenberger,7/4/1960,Austrian,http://en.wikipedia.org/wiki/Roland_Ratzenberger
509,rathmann,\N,\N,Jim,Rathmann,7/16/1928,American,http://en.wikipedia.org/wiki/Jim_Rathmann
537,dick_rathmann,\N,\N,Dick,Rathmann,1/6/1924,American,http://en.wikipedia.org/wiki/Dick_Rathmann
162,raphanel,\N,\N,Pierre-Henri,Raphanel,5/27/1961,French,http://en.wikipedia.org/wiki/Pierre-Henri_Raphanel
249,rahal,\N,\N,Bobby,Rahal,1/10/1953,American,http://en.wikipedia.org/wiki/Bobby_Rahal
420,raby,\N,\N,Ian,Raby,9/22/1921,British,http://en.wikipedia.org/wiki/Ian_Raby
8,raikkonen,7,RAI,Kimi,Räikkönen,10/17/1979,Finnish,http://en.wikipedia.org/wiki/Kimi_R%C3%A4ikk%C3%B6nen
323,quester,\N,\N,Dieter,Quester,5/30/1939,Austrian,http://en.wikipedia.org/wiki/Dieter_Quester
414,puzey,\N,\N,Clive,Puzey,7/11/1941,Rhodesian,http://en.wikipedia.org/wiki/Clive_Puzey
259,purley,\N,\N,David,Purley,1/26/1945,British,http://en.wikipedia.org/wiki/David_Purley
252,pryce,\N,\N,Tom,Pryce,6/11/1949,British,http://en.wikipedia.org/wiki/Tom_Pryce
117,prost,\N,\N,Alain,Prost,2/24/1955,French,http://en.wikipedia.org/wiki/Alain_Prost
407,prophet,\N,\N,David,Prophet,10/9/1937,British,http://en.wikipedia.org/wiki/David_Prophet
467,prinoth,\N,\N,Ernesto,Prinoth,4/15/1923,Italian,http://en.wikipedia.org/wiki/Ernesto_Prinoth
334,pretorius,\N,\N,Jackie,Pretorius,11/22/1934,South African,http://en.wikipedia.org/wiki/Jackie_Pretorius
801,pozzi,\N,\N,Charles,Pozzi,8/27/1909,French,http://en.wikipedia.org/wiki/Charles_Pozzi
344,posey,\N,\N,Sam,Posey,5/26/1944,American,http://en.wikipedia.org/wiki/Sam_Posey
742,poore,\N,\N,Dennis,Poore,8/19/1916,British,http://en.wikipedia.org/wiki/Dennis_Poore
457,pon,\N,\N,Ben,Pon,12/9/1936,Dutch,http://en.wikipedia.org/wiki/Ben_Pon
650,pollet,\N,\N,Jacques,Pollet,7/2/1922,French,http://en.wikipedia.org/wiki/Jacques_Pollet
42,pizzonia,\N,PIZ,Antônio,Pizzonia,9/11/1980,Brazilian,http://en.wikipedia.org/wiki/Ant%C3%B4nio_Pizzonia
139,pirro,\N,\N,Emanuele,Pirro,1/12/1962,Italian,http://en.wikipedia.org/wiki/Emanuele_Pirro
202,pironi,\N,\N,Didier,Pironi,3/26/1952,French,http://en.wikipedia.org/wiki/Didier_Pironi
489,pirocchi,\N,\N,Renato,Pirocchi,3/26/1933,Italian,http://en.wikipedia.org/wiki/Renato_Pirocchi
12,piquet_jr,\N,PIQ,Nelson,Piquet Jr.,7/25/1985,Brazilian,"http://en.wikipedia.org/wiki/Nelson_Piquet,_Jr."
137,piquet,\N,\N,Nelson,Piquet,8/17/1952,Brazilian,http://en.wikipedia.org/wiki/Nelson_Piquet
542,piper,\N,\N,David,Piper,12/2/1930,British,http://en.wikipedia.org/wiki/David_Piper
586,piotti,\N,\N,Luigi,Piotti,10/27/1913,Italian,http://en.wikipedia.org/wiki/Luigi_Piotti
269,pilette,\N,\N,Teddy,Pilette,7/26/1942,Belgian,http://en.wikipedia.org/wiki/Teddy_Pilette
429,andre_pilette,\N,\N,André,Pilette,10/6/1918,Belgian,http://en.wikipedia.org/wiki/Andr%C3%A9_Pilette
756,pietsch,\N,\N,Paul,Pietsch,6/20/1911,German,http://en.wikipedia.org/wiki/Paul_Pietsch
413,pieterse,\N,\N,Ernie,Pieterse,7/4/1938,South African,http://en.wikipedia.org/wiki/Ernie_Pieterse
604,picard,\N,\N,François,Picard,4/26/1921,French,http://en.wikipedia.org/wiki/Fran%C3%A7ois_Picard
819,pic,\N,PIC,Charles,Pic,2/15/1990,French,http://en.wikipedia.org/wiki/Charles_Pic
792,pian,\N,\N,Alfredo,Pián,10/21/1912,Argentine,http://en.wikipedia.org/wiki/Alfredo_Pi%C3%A0n
808,petrov,\N,PET,Vitaly,Petrov,9/8/1984,Russian,http://en.wikipedia.org/wiki/Vitaly_Petrov
238,peterson,\N,\N,Ronnie,Peterson,2/14/1944,Swedish,http://en.wikipedia.org/wiki/Ronnie_Peterson
757,peters,\N,\N,Josef,Peters,9/16/1914,German,http://en.wikipedia.org/wiki/Josef_Peters_(driver)
284,pesenti_rossi,\N,\N,Alessandro,Pesenti-Rossi,8/31/1942,Italian,http://en.wikipedia.org/wiki/Alessandro_Pesenti-Rossi
280,pescarolo,\N,\N,Henri,Pescarolo,9/25/1942,French,http://en.wikipedia.org/wiki/Henri_Pescarolo
256,perkins,\N,\N,Larry,Perkins,3/18/1950,Australian,http://en.wikipedia.org/wiki/Larry_Perkins
607,perdisa,\N,\N,Cesare,Perdisa,10/21/1932,Italian,http://en.wikipedia.org/wiki/Cesare_Perdisa
468,penske,\N,\N,Roger,Penske,2/20/1937,American,http://en.wikipedia.org/wiki/Roger_Penske
371,pease,\N,\N,Al,Pease,10/15/1921,Canadian,http://en.wikipedia.org/wiki/Al_Pease
119,patrese,\N,\N,Riccardo,Patrese,4/17/1954,Italian,http://en.wikipedia.org/wiki/Riccardo_Patrese
593,parsons,\N,\N,Johnnie,Parsons,7/4/1918,American,http://en.wikipedia.org/wiki/Johnnie_Parsons
441,parnell,\N,\N,Tim,Parnell,6/25/1932,British,http://en.wikipedia.org/wiki/Tim_Parnell
686,reg_parnell,\N,\N,Reg,Parnell,7/2/1911,British,http://en.wikipedia.org/wiki/Reg_Parnell
387,parkes,\N,\N,Mike,Parkes,9/24/1931,British,http://en.wikipedia.org/wiki/Mike_Parkes
97,papis,\N,\N,Massimiliano,Papis,10/3/1969,Italian,http://en.wikipedia.org/wiki/Massimiliano_Papis
45,pantano,\N,\N,Giorgio,Pantano,2/4/1979,Italian,http://en.wikipedia.org/wiki/Giorgio_Pantano
44,panis,\N,\N,Olivier,Panis,9/2/1966,French,http://en.wikipedia.org/wiki/Olivier_Panis
156,palmer,\N,\N,Jonathan,Palmer,11/7/1956,British,http://en.wikipedia.org/wiki/Jonathan_Palmer
835,jolyon_palmer,30,PAL,Jolyon,Palmer,1/20/1991,British,http://en.wikipedia.org/wiki/Jolyon_Palmer
297,palm,\N,\N,Torsten,Palm,7/23/1947,Swedish,http://en.wikipedia.org/wiki/Torsten_Palm
204,paletti,\N,\N,Riccardo,Paletti,6/15/1958,Italian,http://en.wikipedia.org/wiki/Riccardo_Paletti
800,pagani,\N,\N,Nello,Pagani,10/11/1911,Italian,http://en.wikipedia.org/wiki/Nello_Pagani
250,pace,\N,\N,Carlos,Pace,10/6/1944,Brazilian,http://en.wikipedia.org/wiki/Carlos_Pace
31,montoya,\N,MON,Juan,Pablo Montoya,9/20/1975,Colombian,http://en.wikipedia.org/wiki/Juan_Pablo_Montoya
159,sala,\N,\N,Luis,Pérez-Sala,5/15/1959,Spanish,http://en.wikipedia.org/wiki/Luis_Perez-Sala
815,perez,11,PER,Sergio,Pérez,1/26/1990,Mexican,http://en.wikipedia.org/wiki/Sergio_P%C3%A9rez
546,owen,\N,\N,Arthur,Owen,3/23/1915,British,http://en.wikipedia.org/wiki/Arthur_Owen
240,ongais,\N,\N,Danny,Ongais,5/21/1942,American,http://en.wikipedia.org/wiki/Danny_Ongais
262,oliver,\N,\N,Jackie,Oliver,8/14/1942,British,http://en.wikipedia.org/wiki/Jackie_Oliver
597,connor,\N,\N,Pat,O'Connor,10/9/1928,American,http://en.wikipedia.org/wiki/Pat_O%27Connor_(auto_racer)
839,ocon,31,OCO,Esteban,Ocon,9/17/1996,French,http://en.wikipedia.org/wiki/Esteban_Ocon
737,obrien,\N,\N,Robert,O'Brien,4/11/1908,American,http://en.wikipedia.org/wiki/Robert_O%27Brien_(auto_racer)
690,nuckey,\N,\N,Rodney,Nuckey,6/26/1929,British,http://en.wikipedia.org/wiki/Rodney_Nuckey
846,norris,4,NOR,Lando,Norris,11/13/1999,British,http://en.wikipedia.org/wiki/Lando_Norris
115,noda,\N,\N,Hideki,Noda,3/7/1969,Japanese,http://en.wikipedia.org/wiki/Hideki_Noda
255,nilsson,\N,\N,Gunnar,Nilsson,11/20/1948,Swedish,http://en.wikipedia.org/wiki/Gunnar_Nilsson
412,niemann,\N,\N,Brausch,Niemann,1/7/1939,South African,http://en.wikipedia.org/wiki/Brausch_Niemann
752,niedermayr,\N,\N,Helmut,Niedermayr,11/29/1915,German,http://en.wikipedia.org/wiki/Helmut_Niedermayr
655,niday,\N,\N,Cal,Niday,4/29/1914,American,http://en.wikipedia.org/wiki/Cal_Niday
300,nicholson,\N,\N,John,Nicholson,10/6/1941,New Zealander,http://en.wikipedia.org/wiki/John_Nicholson_(racing_driver)
281,nelleman,\N,\N,Jac,Nelleman,4/19/1944,Danish,http://en.wikipedia.org/wiki/Jac_Nelleman
227,needell,\N,\N,Tiff,Needell,10/29/1951,British,http://en.wikipedia.org/wiki/Tiff_Needell
673,nazaruk,\N,\N,Mike,Nazaruk,10/2/1921,American,http://en.wikipedia.org/wiki/Mike_Nazaruk
484,naylor,\N,\N,Brian,Naylor,3/24/1923,British,http://en.wikipedia.org/wiki/Brian_Naylor
487,natili,\N,\N,Massimo,Natili,7/28/1935,Italian,http://en.wikipedia.org/wiki/Massimo_Natili
831,nasr,12,NAS,Felipe,Nasr,8/21/1992,Brazilian,http://en.wikipedia.org/wiki/Felipe_Nasr
125,naspetti,\N,\N,Emanuele,Naspetti,2/24/1968,Italian,http://en.wikipedia.org/wiki/Emanuele_Naspetti
145,nannini,\N,\N,Alessandro,Nannini,7/7/1959,Italian,http://en.wikipedia.org/wiki/Alessandro_Nannini
699,nalon,\N,\N,Duke,Nalon,3/2/1913,American,http://en.wikipedia.org/wiki/Duke_Nalon
75,nakano,\N,\N,Shinji,Nakano,4/1/1971,Japanese,http://en.wikipedia.org/wiki/Shinji_Nakano
6,nakajima,\N,NAK,Kazuki,Nakajima,1/11/1985,Japanese,http://en.wikipedia.org/wiki/Kazuki_Nakajima
138,satoru_nakajima,\N,\N,Satoru,Nakajima,2/23/1953,Japanese,http://en.wikipedia.org/wiki/Satoru_Nakajima
258,neve,\N,\N,Patrick,Nève,10/13/1949,Belgian,http://en.wikipedia.org/wiki/Patrick_Neve
577,musso,\N,\N,Luigi,Musso,7/28/1924,Italian,http://en.wikipedia.org/wiki/Luigi_Musso
747,murray,\N,\N,David,Murray,12/28/1909,British,http://en.wikipedia.org/wiki/David_Murray_(driver)
500,munaron,\N,\N,Gino,Munaron,4/2/1928,Italian,http://en.wikipedia.org/wiki/Gino_Munaron
475,moss,\N,\N,Stirling,Moss,9/17/1929,British,http://en.wikipedia.org/wiki/Stirling_Moss
570,bill_moss,\N,\N,Bill,Moss,9/4/1933,British,http://en.wikipedia.org/wiki/Bill_Moss_(racing_driver)
351,moser,\N,\N,Silvio,Moser,4/24/1941,Swiss,http://en.wikipedia.org/wiki/Silvio_Moser
301,morgan,\N,\N,Dave,Morgan,8/7/1944,British,http://en.wikipedia.org/wiki/Dave_Morgan_(racing_driver)
90,moreno,\N,\N,Roberto,Moreno,2/11/1959,Brazilian,http://en.wikipedia.org/wiki/Roberto_Moreno
81,morbidelli,\N,\N,Gianni,Morbidelli,1/13/1968,Italian,http://en.wikipedia.org/wiki/Gianni_Morbidelli
739,charrington,\N,\N,Robin,Montgomerie-Charrington,6/23/1915,British,http://en.wikipedia.org/wiki/Robin_Montgomerie-Charrington
488,monteverdi,\N,\N,Peter,Monteverdi,6/7/1934,Swiss,http://en.wikipedia.org/wiki/Peter_Monteverdi
85,montermini,\N,\N,Andrea,Montermini,5/30/1964,Italian,http://en.wikipedia.org/wiki/Andrea_Montermini
33,monteiro,\N,TMO,Tiago,Monteiro,7/24/1976,Portuguese,http://en.wikipedia.org/wiki/Tiago_Monteiro
36,montagny,\N,FMO,Franck,Montagny,1/5/1978,French,http://en.wikipedia.org/wiki/Franck_Montagny
452,monarch,\N,\N,Thomas,Monarch,9/3/1945,American,http://en.wikipedia.org/wiki/Talk:1963_Mexican_Grand_Prix#Who_was_Thomas_Monarch.3F
131,modena,\N,\N,Stefano,Modena,5/12/1963,Italian,http://en.wikipedia.org/wiki/Stefano_Modena
423,mitter,\N,\N,Gerhard,Mitter,8/30/1935,German,http://en.wikipedia.org/wiki/Gerhard_Mitter
733,miller,\N,\N,Chet,Miller,7/19/1902,American,http://en.wikipedia.org/wiki/Chet_Miller
639,milhoux,\N,\N,André,Milhoux,12/9/1928,Belgian,http://en.wikipedia.org/wiki/Andr%C3%A9_Milhoux
357,miles,\N,\N,John,Miles,6/14/1943,British,http://en.wikipedia.org/wiki/John_Miles_(auto_racer)
495,ken_miles,\N,\N,Ken,Miles,11/1/1918,British,http://en.wikipedia.org/wiki/Ken_Miles
296,migault,\N,\N,François,Migault,12/4/1944,French,http://en.wikipedia.org/wiki/Fran%C3%A7ois_Migault
643,mieres,\N,\N,Roberto,Mieres,12/3/1924,Argentine,http://en.wikipedia.org/wiki/Roberto_Mieres
232,merzario,\N,\N,Arturo,Merzario,3/11/1943,Italian,http://en.wikipedia.org/wiki/Arturo_Merzario
833,merhi,98,MER,Roberto,Merhi,3/22/1991,Spanish,http://en.wikipedia.org/wiki/Roberto_Merhi
496,menditeguy,\N,\N,Carlos,Menditeguy,8/10/1914,Argentine,http://en.wikipedia.org/wiki/Carlos_Menditeguy
535,mcwithey,\N,\N,Jim,McWithey,7/4/1927,American,http://en.wikipedia.org/wiki/Jim_McWithey
336,mcrae,\N,\N,Graham,McRae,3/5/1940,New Zealander,http://en.wikipedia.org/wiki/Graham_McRae
66,mcnish,\N,\N,Allan,McNish,12/29/1969,British,http://en.wikipedia.org/wiki/Allan_McNish
360,mclaren,\N,\N,Bruce,McLaren,8/30/1937,New Zealander,http://en.wikipedia.org/wiki/Bruce_McLaren
266,mcguire,\N,\N,Brian,McGuire,12/13/1945,Australian,http://en.wikipedia.org/wiki/Brian_McGuire
658,mcgrath,\N,\N,Jack,McGrath,10/8/1919,American,http://en.wikipedia.org/wiki/Jack_McGrath_(racing_driver)
732,mcdowell,\N,\N,Johnny,McDowell,1/29/1915,American,http://en.wikipedia.org/wiki/Johnny_McDowell
679,mccoy,\N,\N,Ernie,McCoy,2/19/1921,American,http://en.wikipedia.org/wiki/Ernie_McCoy
135,mccarthy,\N,\N,Perry,McCarthy,3/3/1961,British,http://en.wikipedia.org/wiki/Perry_McCarthy
664,mcalpine,\N,\N,Kenneth,McAlpine,9/21/1920,British,http://en.wikipedia.org/wiki/Kenneth_McAlpine
60,mazzacane,\N,\N,Gastón,Mazzacane,5/8/1975,Argentine,http://en.wikipedia.org/wiki/Gast%C3%B3n_Mazzacane
348,mazet,\N,\N,François,Mazet,2/24/1943,French,http://en.wikipedia.org/wiki/Fran%C3%A7ois_Mazet
853,mazepin,9,MAZ,Nikita,Mazepin,3/2/1999,Russian,http://en.wikipedia.org/wiki/Nikita_Mazepin
470,mayer,\N,\N,Timmy,Mayer,2/22/1938,American,http://en.wikipedia.org/wiki/Timmy_Mayer
480,may,\N,\N,Michael,May,8/18/1934,Swiss,http://en.wikipedia.org/wiki/Michael_May_(racing_driver)
13,massa,19,MAS,Felipe,Massa,4/25/1981,Brazilian,http://en.wikipedia.org/wiki/Felipe_Massa
200,mass,\N,\N,Jochen,Mass,9/30/1946,German,http://en.wikipedia.org/wiki/Jochen_Mass
94,martini,\N,\N,Pierluigi,Martini,4/23/1961,Italian,http://en.wikipedia.org/wiki/Pierluigi_Martini
789,martin,\N,\N,Eugène,Martin,3/24/1915,French,http://en.wikipedia.org/wiki/Eug%C3%A8ne_Martin
459,marsh,\N,\N,Tony,Marsh,7/20/1931,British,http://en.wikipedia.org/wiki/Tony_Marsh_(racing_driver)
665,marr,\N,\N,Leslie,Marr,8/14/1922,British,http://en.wikipedia.org/wiki/Leslie_Marr
58,marques,\N,\N,Tarso,Marques,1/19/1976,Brazilian,http://en.wikipedia.org/wiki/Tarso_Marques
337,marko,\N,\N,Helmut,Marko,4/27/1943,Austrian,http://en.wikipedia.org/wiki/Helmut_Marko
670,marimon,\N,\N,Onofre,Marimón,12/19/1923,Argentine,http://en.wikipedia.org/wiki/Onofre_Marim%C3%B3n
626,manzon,\N,\N,Robert,Manzon,4/12/1917,French,http://en.wikipedia.org/wiki/Robert_Manzon
804,mantz,\N,\N,Johnny,Mantz,9/18/1918,American,http://en.wikipedia.org/wiki/Johnny_Mantz
644,mantovani,\N,\N,Sergio,Mantovani,5/22/1929,Italian,http://en.wikipedia.org/wiki/Sergio_Mantovani
95,mansell,\N,\N,Nigel,Mansell,8/8/1953,British,http://en.wikipedia.org/wiki/Nigel_Mansell
813,maldonado,13,MAL,Pastor,Maldonado,3/9/1985,Venezuelan,http://en.wikipedia.org/wiki/Pastor_Maldonado
435,mairesse,\N,\N,Willy,Mairesse,10/1/1928,Belgian,http://en.wikipedia.org/wiki/Willy_Mairesse
764,guy_mairesse,\N,\N,Guy,Mairesse,8/10/1910,French,http://en.wikipedia.org/wiki/Guy_Mairesse
76,magnussen,\N,MAG,Jan,Magnussen,7/4/1973,Danish,http://en.wikipedia.org/wiki/Jan_Magnussen
825,kevin_magnussen,20,MAG,Kevin,Magnussen,10/5/1992,Danish,http://en.wikipedia.org/wiki/Kevin_Magnussen
620,maglioli,\N,\N,Umberto,Maglioli,6/5/1928,Italian,http://en.wikipedia.org/wiki/Umberto_Maglioli
565,magill,\N,\N,Mike,Magill,2/8/1920,American,http://en.wikipedia.org/wiki/Mike_Magill
408,maggs,\N,\N,Tony,Maggs,2/9/1937,South African,http://en.wikipedia.org/wiki/Tony_Maggs
282,magee,\N,\N,Damien,Magee,11/17/1945,British,http://en.wikipedia.org/wiki/Damien_Magee
651,macklin,\N,\N,Lance,Macklin,9/2/1919,British,http://en.wikipedia.org/wiki/Lance_Macklin
769,mackey,\N,\N,Bill,Mackey,12/15/1927,American,http://en.wikipedia.org/wiki/Bill_Mackey
618,mackay-fraser,\N,\N,Herbert,MacKay-Fraser,6/23/1927,American,http://en.wikipedia.org/wiki/Herbert_MacKay-Fraser
617,macdowel,\N,\N,Mike,MacDowel,9/13/1932,British,http://en.wikipedia.org/wiki/Mike_MacDowel
239,lunger,\N,\N,Brett,Lunger,11/14/1945,American,http://en.wikipedia.org/wiki/Brett_Lunger
257,hayje,\N,\N,Boy,Lunger,5/3/1949,Dutch,http://en.wikipedia.org/wiki/Boy_Hayje
552,lucienbonnet,\N,\N,Jean,Lucienbonnet,1/7/1923,French,http://en.wikipedia.org/wiki/Jean_Lucienbonnet
668,lucas,\N,\N,Jean,Lucas,4/25/1917,French,http://en.wikipedia.org/wiki/Jean_Lucas
671,loyer,\N,\N,Roger,Loyer,8/5/1907,French,http://en.wikipedia.org/wiki/Roger_Loyer
353,lovely,\N,\N,Pete,Lovely,4/11/1926,American,http://en.wikipedia.org/wiki/Pete_Lovely
340,love,\N,\N,John,Love,12/7/1924,Rhodesian,http://en.wikipedia.org/wiki/John_Love_(racing_driver)
765,louveau,\N,\N,Henri,Louveau,1/25/1910,French,http://en.wikipedia.org/wiki/Henri_Louveau
827,lotterer,45,LOT,André,Lotterer,11/19/1981,German,http://en.wikipedia.org/wiki/Andr%C3%A9_Lotterer
718,loof,\N,\N,Ernst,Loof,7/4/1907,German,http://en.wikipedia.org/wiki/Ernst_Loof
218,londono,\N,\N,Ricardo,Londoño,8/8/1949,Colombian,http://en.wikipedia.org/wiki/Ricardo_Londo%C3%B1o
275,lombardi,\N,\N,Lella,Lombardi,3/26/1941,Italian,http://en.wikipedia.org/wiki/Lella_Lombardi
24,liuzzi,\N,LIU,Vitantonio,Liuzzi,8/6/1980,Italian,http://en.wikipedia.org/wiki/Vitantonio_Liuzzi
444,lippi,\N,\N,Roberto,Lippi,10/17/1926,Italian,http://en.wikipedia.org/wiki/Roberto_Lippi
612,linden,\N,\N,Andy,Linden,4/5/1922,American,http://en.wikipedia.org/wiki/Andy_Linden_(racing_driver)
389,ligier,\N,\N,Guy,Ligier,7/12/1930,French,http://en.wikipedia.org/wiki/Guy_Ligier
590,lewis-evans,\N,\N,Stuart,Lewis-Evans,4/20/1930,British,http://en.wikipedia.org/wiki/Stuart_Lewis-Evans
453,lewis,\N,\N,Jackie,Lewis,11/1/1936,British,http://en.wikipedia.org/wiki/Jackie_Lewis
798,levrett,\N,\N,Bayliss,Levrett,2/14/1914,American,http://en.wikipedia.org/wiki/Bayliss_Levrett
773,levegh,\N,\N,Pierre,Levegh,12/22/1905,French,http://en.wikipedia.org/wiki/Pierre_Levegh
610,leston,\N,\N,Les,Leston,12/16/1920,British,http://en.wikipedia.org/wiki/Les_Leston
241,leoni,\N,\N,Lamberto,Leoni,5/24/1953,Italian,http://en.wikipedia.org/wiki/Lamberto_Leoni
703,legat,\N,\N,Arthur,Legat,1898-11-01,Belgian,http://en.wikipedia.org/wiki/Arthur_Legat
209,lees,\N,\N,Geoff,Lees,5/1/1951,British,http://en.wikipedia.org/wiki/Geoff_Lees
410,lederle,\N,\N,Neville,Lederle,9/25/1938,South African,http://en.wikipedia.org/wiki/Neville_Lederle
277,leclere,\N,\N,Michel,Leclère,3/18/1946,French,http://en.wikipedia.org/wiki/Michel_Lecl%C3%A8re
844,leclerc,16,LEC,Charles,Leclerc,10/16/1997,Monegasque,http://en.wikipedia.org/wiki/Charles_Leclerc
400,lawrence,\N,\N,Chris,Lawrence,7/27/1933,British,http://en.wikipedia.org/wiki/Chris_Lawrence_(racing_driver)
86,lavaggi,\N,\N,Giovanni,Lavaggi,2/18/1958,Italian,http://en.wikipedia.org/wiki/Giovanni_Lavaggi
736,laurent,\N,\N,Roger,Laurent,2/21/1913,Belgian,http://en.wikipedia.org/wiki/Roger_Laurent
182,lauda,\N,\N,Niki,Lauda,2/22/1949,Austrian,http://en.wikipedia.org/wiki/Niki_Lauda
849,latifi,6,LAT,Nicholas,Latifi,6/29/1995,Canadian,http://en.wikipedia.org/wiki/Nicholas_Latifi
564,larson,\N,\N,Jud,Larson,1/21/1923,American,http://en.wikipedia.org/wiki/Jud_Larson
315,larrousse,\N,\N,Gérard,Larrousse,5/23/1940,French,http://en.wikipedia.org/wiki/G%C3%A9rard_Larrousse
497,larreta,\N,\N,Alberto Rodriguez,Larreta,1/14/1934,Argentine,http://en.wikipedia.org/wiki/Alberto_Rodriguez_Larreta
165,larrauri,\N,\N,Oscar,Larrauri,8/19/1954,Argentine,http://en.wikipedia.org/wiki/Oscar_Larrauri
78,larini,\N,\N,Nicola,Larini,3/19/1964,Italian,http://en.wikipedia.org/wiki/Nicola_Larini
149,langes,\N,\N,Claudio,Langes,7/20/1960,Italian,http://en.wikipedia.org/wiki/Claudio_Langes
691,lang,\N,\N,Hermann,Lang,4/6/1909,German,http://en.wikipedia.org/wiki/Hermann_Lang
622,landi,\N,\N,Chico,Landi,7/14/1907,Brazilian,http://en.wikipedia.org/wiki/Chico_Landi
83,lamy,\N,\N,Pedro,Lamy,3/20/1972,Portuguese,http://en.wikipedia.org/wiki/Pedro_Lamy
136,lammers,\N,\N,Jan,Lammers,6/2/1956,Dutch,http://en.wikipedia.org/wiki/Jan_Lammers
116,lagorce,\N,\N,Franck,Lagorce,9/1/1968,French,http://en.wikipedia.org/wiki/Franck_Lagorce
172,laffite,\N,\N,Jacques,Laffite,11/21/1943,French,http://en.wikipedia.org/wiki/Jacques_Laffite
602,la_caze,\N,\N,Robert,La Caze,2/26/1917,French,http://en.wikipedia.org/wiki/Robert_La_Caze
826,kvyat,26,KVY,Daniil,Kvyat,4/26/1994,Russian,http://en.wikipedia.org/wiki/Daniil_Kvyat
442,kuhnke,\N,\N,Kurt,Kuhnke,4/30/1910,German,http://en.wikipedia.org/wiki/Kurt_Kuhnke
9,kubica,88,KUB,Robert,Kubica,12/7/1984,Polish,http://en.wikipedia.org/wiki/Robert_Kubica
710,krause,\N,\N,Rudolf,Krause,3/30/1907,East German,http://en.wikipedia.org/wiki/Rudolf_Krause
263,kozarowitzky,\N,\N,Mikko,Kozarowitzky,5/17/1948,Finnish,http://en.wikipedia.org/wiki/Mikko_Kozarowitzky
5,kovalainen,\N,KOV,Heikki,Kovalainen,10/19/1981,Finnish,http://en.wikipedia.org/wiki/Heikki_Kovalainen
324,koinigg,\N,\N,Helmuth,Koinigg,11/3/1948,Austrian,http://en.wikipedia.org/wiki/Helmuth_Koinigg
155,kobayashi,10,KOB,Kamui,Kobayashi,9/13/1986,Japanese,http://en.wikipedia.org/wiki/Kamui_Kobayashi
709,klodwig,\N,\N,Ernst,Klodwig,5/23/1903,East German,http://en.wikipedia.org/wiki/Ernst_Klodwig
648,kling,\N,\N,Karl,Kling,9/16/1910,German,http://en.wikipedia.org/wiki/Karl_Kling
32,klien,\N,KLI,Christian,Klien,2/7/1983,Austrian,http://en.wikipedia.org/wiki/Christian_Klien
753,klenk,\N,\N,Hans,Klenk,10/28/1919,German,http://en.wikipedia.org/wiki/Hans_Klenk
805,kladis,\N,\N,Danny,Kladis,2/10/1917,American,http://en.wikipedia.org/wiki/Danny_Kladis
316,kinnunen,\N,\N,Leo,Kinnunen,8/5/1943,Finnish,http://en.wikipedia.org/wiki/Leo_Kinnunen
53,kiesa,\N,\N,Nicolas,Kiesa,3/3/1978,Danish,http://en.wikipedia.org/wiki/Nicolas_Kiesa
584,kessler,\N,\N,Bruce,Kessler,3/23/1936,American,http://en.wikipedia.org/wiki/Bruce_Kessler
271,kessel,\N,\N,Loris,Kessel,4/1/1950,Swiss,http://en.wikipedia.org/wiki/Loris_Kessel
225,kennedy,\N,\N,Dave,Kennedy,1/15/1953,Irish,http://en.wikipedia.org/wiki/David_Kennedy_(racing_driver)
776,kelly,\N,\N,Joe,Kelly,3/13/1913,Irish,http://en.wikipedia.org/wiki/Joe_Kelly_(Formula_One)
558,keller,\N,\N,Al,Keller,4/11/1920,American,http://en.wikipedia.org/wiki/Al_Keller
292,keizan,\N,\N,Eddie,Keizan,9/12/1944,South African,http://en.wikipedia.org/wiki/Eddie_Keizan
211,keegan,\N,\N,Rupert,Keegan,2/26/1955,British,http://en.wikipedia.org/wiki/Rupert_Keegan
582,kavanagh,\N,\N,Ken,Kavanagh,12/12/1923,Australian,http://en.wikipedia.org/wiki/Ken_Kavanagh
79,katayama,\N,\N,Ukyo,Katayama,5/29/1963,Japanese,http://en.wikipedia.org/wiki/Ukyo_Katayama
39,karthikeyan,\N,KAR,Narain,Karthikeyan,1/14/1977,Indian,http://en.wikipedia.org/wiki/Narain_Karthikeyan
711,karch,\N,\N,Oswald,Karch,3/6/1917,German,http://en.wikipedia.org/wiki/Oswald_Karch
782,jover,\N,\N,Juan,Jover,11/23/1903,Spanish,http://en.wikipedia.org/wiki/Juan_Jover
178,jones,\N,\N,Alan,Jones,11/2/1946,Australian,http://en.wikipedia.org/wiki/Alan_Jones_(Formula_1)
393,tom_jones,\N,\N,Tom,Jones,4/26/1943,American,http://en.wikipedia.org/wiki/Tom_Jones_(auto_racer)
471,johnstone,\N,\N,Bruce,Johnstone,1/30/1937,South African,http://en.wikipedia.org/wiki/Bruce_Johnstone_(racing_driver)
513,johnson,\N,\N,Eddie,Johnson,2/10/1919,American,http://en.wikipedia.org/wiki/Eddie_Johnson_(auto_racer)
790,leslie_johnson,\N,\N,Leslie,Johnson,3/22/1912,British,http://en.wikipedia.org/wiki/Leslie_Johnson_(racing_driver)
140,johansson,\N,\N,Stefan,Johansson,9/8/1956,Swedish,http://en.wikipedia.org/wiki/Stefan_Johansson
349,jean,\N,\N,Max,Jean,7/27/1943,French,http://en.wikipedia.org/wiki/Max_Jean
197,jarier,\N,\N,Jean-Pierre,Jarier,7/10/1946,French,http://en.wikipedia.org/wiki/Jean-Pierre_Jarier
728,james,\N,\N,Joe,James,5/23/1925,American,http://en.wikipedia.org/wiki/Joe_James_(racing_driver)
779,john_james,\N,\N,John,James,5/10/1914,British,http://en.wikipedia.org/wiki/John_James_(auto_racer)
799,jackson,\N,\N,Jimmy,Jackson,7/25/1910,American,http://en.wikipedia.org/wiki/Jimmy_Jackson_(driver)
219,jabouille,\N,\N,Jean-Pierre,Jabouille,10/1/1942,French,http://en.wikipedia.org/wiki/Jean-Pierre_Jabouille
109,lehto,\N,\N,Jyrki,Järvilehto,1/31/1966,Finnish,http://en.wikipedia.org/wiki/Jyrki_J%C3%A4rvilehto
388,irwin,\N,\N,Chris,Irwin,6/27/1942,British,http://en.wikipedia.org/wiki/Chris_Irwin
56,irvine,\N,\N,Eddie,Irvine,11/10/1965,British,http://en.wikipedia.org/wiki/Eddie_Irvine
404,ireland,\N,\N,Innes,Ireland,6/12/1930,British,http://en.wikipedia.org/wiki/Innes_Ireland
89,inoue,\N,\N,Taki,Inoue,9/5/1963,Japanese,http://en.wikipedia.org/wiki/Taki_Inoue
646,iglesias,\N,\N,Jesús,Iglesias,2/22/1922,Argentine,http://en.wikipedia.org/wiki/Jes%C3%BAs_Iglesias
34,ide,\N,IDE,Yuji,Ide,1/21/1975,Japanese,http://en.wikipedia.org/wiki/Yuji_Ide
235,ickx,\N,\N,Jacky,Ickx,1/1/1945,Belgian,http://en.wikipedia.org/wiki/Jacky_Ickx
366,hutchison,\N,\N,Gus,Hutchison,4/26/1937,American,http://en.wikipedia.org/wiki/Gus_Hutchison
524,hurtubise,\N,\N,Jim,Hurtubise,12/5/1932,American,http://en.wikipedia.org/wiki/Jim_Hurtubise
231,hunt,\N,\N,James,Hunt,8/29/1947,British,http://en.wikipedia.org/wiki/James_Hunt
304,hulme,\N,\N,Denny,Hulme,6/18/1936,New Zealander,http://en.wikipedia.org/wiki/Denny_Hulme
659,hoyt,\N,\N,Jerry,Hoyt,1/29/1929,American,http://en.wikipedia.org/wiki/Jerry_Hoyt
273,hoshino,\N,\N,Kazuyoshi,Hoshino,7/1/1947,Japanese,http://en.wikipedia.org/wiki/Kazuyoshi_Hoshino
519,homeier,\N,\N,Bill,Homeier,8/31/1918,American,http://en.wikipedia.org/wiki/Bill_Homeier
797,holmes,\N,\N,Jackie,Holmes,9/4/1920,American,http://en.wikipedia.org/wiki/Jackie_Holmes
701,holland,\N,\N,Bill,Holland,12/18/1907,American,http://en.wikipedia.org/wiki/Bill_Holland
253,hoffmann,\N,\N,Ingo,Hoffmann,2/28/1953,Brazilian,http://en.wikipedia.org/wiki/Ingo_Hoffmann
473,hocking,\N,\N,Gary,Hocking,9/30/1937,Rhodesian,http://en.wikipedia.org/wiki/Gary_Hocking
322,hobbs,\N,\N,David,Hobbs,6/9/1939,British,http://en.wikipedia.org/wiki/David_Hobbs_(racing_driver)
721,hirt,\N,\N,Peter,Hirt,3/30/1910,Swiss,http://en.wikipedia.org/wiki/Peter_Hirt
71,damon_hill,\N,\N,Damon,Hill,9/17/1960,British,http://en.wikipedia.org/wiki/Damon_Hill
289,hill,\N,\N,Graham,Hill,2/15/1929,British,http://en.wikipedia.org/wiki/Graham_Hill
403,phil_hill,\N,\N,Phil,Hill,4/20/1927,American,http://en.wikipedia.org/wiki/Phil_Hill
268,heyer,\N,\N,Hans,Heyer,3/16/1943,German,http://en.wikipedia.org/wiki/Hans_Heyer
183,hesnault,\N,\N,François,Hesnault,12/30/1956,French,http://en.wikipedia.org/wiki/Fran%C3%A7ois_Hesnault
478,herrmann,\N,\N,Hans,Herrmann,2/23/1928,German,http://en.wikipedia.org/wiki/Hans_Herrmann
538,herman,\N,\N,Al,Herman,3/15/1927,American,http://en.wikipedia.org/wiki/Al_Herman
65,herbert,\N,\N,Johnny,Herbert,6/25/1964,British,http://en.wikipedia.org/wiki/Johnny_Herbert
205,henton,\N,\N,Brian,Henton,9/19/1946,British,http://en.wikipedia.org/wiki/Brian_Henton
772,hellings,\N,\N,Mack,Hellings,9/14/1915,American,http://en.wikipedia.org/wiki/Mack_Hellings
692,helfrich,\N,\N,Theo,Helfrich,5/13/1913,German,http://en.wikipedia.org/wiki/Theo_Helfrich
2,heidfeld,\N,HEI,Nick,Heidfeld,5/10/1977,German,http://en.wikipedia.org/wiki/Nick_Heidfeld
712,heeks,\N,\N,Willi,Heeks,2/13/1922,German,http://en.wikipedia.org/wiki/Willi_Heeks
578,hawthorn,\N,\N,Mike,Hawthorn,4/10/1929,British,http://en.wikipedia.org/wiki/Mike_Hawthorn
406,hawkins,\N,\N,Paul,Hawkins,10/12/1937,Australian,http://en.wikipedia.org/wiki/Paul_Hawkins_(racing_driver)
144,hattori,\N,\N,Naoki,Hattori,6/13/1966,Japanese,http://en.wikipedia.org/wiki/Naoki_Hattori
287,hasemi,\N,\N,Masahiro,Hasemi,11/13/1945,Japanese,http://en.wikipedia.org/wiki/Masahiro_Hasemi
837,haryanto,88,HAR,Rio,Haryanto,1/22/1993,Indonesian,http://en.wikipedia.org/wiki/Rio_Haryanto
520,hartley,\N,\N,Gene,Hartley,1/28/1926,American,http://en.wikipedia.org/wiki/Gene_Hartley
843,brendon_hartley,28,HAR,Brendon,Hartley,11/10/1989,New Zealander,http://en.wikipedia.org/wiki/Brendon_Hartley
391,hart,\N,\N,Brian,Hart,9/7/1936,British,http://en.wikipedia.org/wiki/Brian_Hart
787,harrison,\N,\N,Cuth,Harrison,7/6/1906,British,http://en.wikipedia.org/wiki/Cuth_Harrison
472,harris,\N,\N,Mike,Harris,5/25/1939,South African,http://en.wikipedia.org/wiki/Mike_Harris_(race_car_driver)
433,hansgen,\N,\N,Walt,Hansgen,10/28/1919,American,http://en.wikipedia.org/wiki/Walt_Hansgen
611,hanks,\N,\N,Sam,Hanks,7/13/1914,American,http://en.wikipedia.org/wiki/Sam_Hanks
784,hampshire,\N,\N,David,Hampshire,12/29/1917,British,http://en.wikipedia.org/wiki/David_Hampshire
1,hamilton,44,HAM,Lewis,Hamilton,1/7/1985,British,http://en.wikipedia.org/wiki/Lewis_Hamilton
708,duncan_hamilton,\N,\N,Duncan,Hamilton,4/30/1920,British,http://en.wikipedia.org/wiki/Duncan_Hamilton_(racing_driver)
440,hall,\N,\N,Jim,Hall,7/23/1935,American,http://en.wikipedia.org/wiki/Jim_Hall_(race_car_driver)
506,halford,\N,\N,Bruce,Halford,5/18/1931,British,http://en.wikipedia.org/wiki/Bruce_Halford
305,hailwood,\N,\N,Mike,Hailwood,4/2/1940,British,http://en.wikipedia.org/wiki/Mike_Hailwood
365,hahne,\N,\N,Hubert,Hahne,3/28/1935,German,http://en.wikipedia.org/wiki/Hubert_Hahne
807,hulkenberg,27,HUL,Nico,Hülkenberg,8/19/1987,German,http://en.wikipedia.org/wiki/Nico_H%C3%BClkenberg
57,hakkinen,\N,\N,Mika,Häkkinen,9/28/1968,Finnish,http://en.wikipedia.org/wiki/Mika_H%C3%A4kkinen
821,gutierrez,21,GUT,Esteban,Gutiérrez,8/5/1991,Mexican,http://en.wikipedia.org/wiki/Esteban_Guti%C3%A9rrez
364,gurney,\N,\N,Dan,Gurney,4/13/1931,American,http://en.wikipedia.org/wiki/Dan_Gurney
127,gugelmin,\N,\N,Maurício,Gugelmin,4/20/1963,Brazilian,http://en.wikipedia.org/wiki/Maur%C3%ADcio_Gugelmin
195,guerrero,\N,\N,Roberto,Guerrero,11/16/1958,Colombian,http://en.wikipedia.org/wiki/Roberto_Guerrero
215,guerra,\N,\N,Miguel Ángel,Guerra,8/31/1953,Argentine,http://en.wikipedia.org/wiki/Miguel_Angel_Guerra
603,guelfi,\N,\N,André,Guelfi,5/6/1919,French,http://en.wikipedia.org/wiki/Andr%C3%A9_Guelfi
422,gubby,\N,\N,Brian,Gubby,4/17/1934,British,http://en.wikipedia.org/wiki/Brian_Gubby
129,grouillard,\N,\N,Olivier,Grouillard,9/2/1958,French,http://en.wikipedia.org/wiki/Olivier_Grouillard
154,grosjean,8,GRO,Romain,Grosjean,4/17/1986,French,http://en.wikipedia.org/wiki/Romain_Grosjean
522,grim,\N,\N,Bobby,Grim,9/4/1924,American,http://en.wikipedia.org/wiki/Bobby_Grim
783,grignard,\N,\N,Georges,Grignard,7/25/1905,French,http://en.wikipedia.org/wiki/Georges_Grignard
629,griffith,\N,\N,Cliff,Griffith,2/6/1916,American,http://en.wikipedia.org/wiki/Cliff_Griffith
418,gregory,\N,\N,Masten,Gregory,2/29/1932,American,http://en.wikipedia.org/wiki/Masten_Gregory
465,greene,\N,\N,Keith,Greene,1/5/1938,British,http://en.wikipedia.org/wiki/Keith_Greene
770,green,\N,\N,Cecil,Green,9/30/1919,American,http://en.wikipedia.org/wiki/Cecil_Green
111,gounon,\N,\N,Jean-Marc,Gounon,1/1/1963,French,http://en.wikipedia.org/wiki/Jean-Marc_Gounon
547,gould,\N,\N,Horace,Gould,9/20/1918,British,http://en.wikipedia.org/wiki/Horace_Gould
775,gordini,\N,\N,Aldo,Gordini,5/20/1921,French,http://en.wikipedia.org/wiki/Aldo_Gordini
498,gonzalez,\N,\N,José Froilán,González,10/5/1922,Argentine,http://en.wikipedia.org/wiki/Jos%C3%A9_Froil%C3%A1n_Gonz%C3%A1lez
806,oscar_gonzalez,\N,\N,Óscar,González,11/10/1923,Uruguayan,http://en.wikipedia.org/wiki/Oscar_Gonz%C3%A1lez_(racing_driver)
510,goldsmith,\N,\N,Paul,Goldsmith,10/2/1925,American,http://en.wikipedia.org/wiki/Paul_Goldsmith
600,goethals,\N,\N,Christian,Goethals,8/4/1928,Belgian,http://en.wikipedia.org/wiki/Christian_Goethals
580,godia,\N,\N,Paco,Godia,3/21/1921,Spanish,http://en.wikipedia.org/wiki/Paco_Godia
10,glock,\N,GLO,Timo,Glock,3/18/1982,German,http://en.wikipedia.org/wiki/Timo_Glock
363,giunti,\N,\N,Ignazio,Giunti,8/30/1941,Italian,http://en.wikipedia.org/wiki/Ignazio_Giunti
841,giovinazzi,99,GIO,Antonio,Giovinazzi,12/14/1993,Italian,http://en.wikipedia.org/wiki/Antonio_Giovinazzi
386,ginther,\N,\N,Richie,Ginther,8/5/1930,American,http://en.wikipedia.org/wiki/Richie_Ginther
601,gibson,\N,\N,Dick,Gibson,4/16/1918,British,http://en.wikipedia.org/wiki/Dick_Gibson
152,giacomelli,\N,\N,Bruno,Giacomelli,9/10/1952,Italian,http://en.wikipedia.org/wiki/Bruno_Giacomelli
160,ghinzani,\N,\N,Piercarlo,Ghinzani,1/16/1952,Italian,http://en.wikipedia.org/wiki/Piercarlo_Ghinzani
320,gethin,\N,\N,Peter,Gethin,2/21/1940,British,http://en.wikipedia.org/wiki/Peter_Gethin
583,gerini,\N,\N,Gerino,Gerini,8/10/1928,Italian,http://en.wikipedia.org/wiki/Gerino_Gerini_(racing_driver)
619,gerard,\N,\N,Bob,Gerard,1/19/1914,British,http://en.wikipedia.org/wiki/Bob_Gerard
616,george,\N,\N,Elmer,George,7/15/1928,American,http://en.wikipedia.org/wiki/Elmer_George
482,gendebien,\N,\N,Olivier,Gendebien,1/12/1924,Belgian,http://en.wikipedia.org/wiki/Olivier_Gendebien
48,gene,\N,\N,Marc,Gené,3/29/1974,Spanish,http://en.wikipedia.org/wiki/Marc_Gen%C3%A9
738,gaze,\N,\N,Tony,Gaze,2/3/1920,Australian,http://en.wikipedia.org/wiki/Tony_Gaze
842,gasly,10,GAS,Pierre,Gasly,2/7/1996,French,http://en.wikipedia.org/wiki/Pierre_Gasly
189,gartner,\N,\N,Jo,Gartner,1/24/1954,Austrian,http://en.wikipedia.org/wiki/Jo_Gartner
595,garrett,\N,\N,Billy,Garrett,4/24/1933,American,http://en.wikipedia.org/wiki/Billy_Garrett
380,gardner,\N,\N,Frank,Gardner,10/1/1930,Australian,http://en.wikipedia.org/wiki/Frank_Gardner_(driver)
307,ganley,\N,\N,Howden,Ganley,12/24/1941,New Zealander,http://en.wikipedia.org/wiki/Howden_Ganley
545,gamble,\N,\N,Fred,Gamble,3/17/1932,American,http://en.wikipedia.org/wiki/Fred_Gamble_(racing_driver)
330,galli,\N,\N,Nanni,Galli,10/2/1940,Italian,http://en.wikipedia.org/wiki/Nanni_Galli
242,galica,\N,\N,Divina,Galica,8/13/1944,British,http://en.wikipedia.org/wiki/Divina_Galica
236,gaillard,\N,\N,Patrick,Gaillard,2/12/1952,French,http://en.wikipedia.org/wiki/Patrick_Gaillard
92,gachot,\N,\N,Bertrand,Gachot,12/23/1962,Belgian,http://en.wikipedia.org/wiki/Bertrand_Gachot
213,gabbiani,\N,\N,Beppe,Gabbiani,1/2/1957,Italian,http://en.wikipedia.org/wiki/Beppe_Gabbiani
695,galvez,\N,\N,Oscar,Gálvez,8/17/1913,Argentine,http://en.wikipedia.org/wiki/%C3%93scar_Alfredo_G%C3%A1lvez
299,fushida,\N,\N,Hiroshi,Fushida,3/10/1946,Japanese,http://en.wikipedia.org/wiki/Hiroshi_Fushida
788,fry,\N,\N,Joe,Fry,10/26/1915,British,http://en.wikipedia.org/wiki/Joe_Fry
40,friesacher,\N,FRI,Patrick,Friesacher,9/26/1980,Austrian,http://en.wikipedia.org/wiki/Patrick_Friesacher
49,frentzen,\N,\N,Heinz-Harald,Frentzen,5/18/1967,German,http://en.wikipedia.org/wiki/Heinz-Harald_Frentzen
528,freeland,\N,\N,Don,Freeland,3/25/1925,American,http://en.wikipedia.org/wiki/Don_Freeland
220,francia,\N,\N,Giorgio,Francia,11/8/1947,Italian,http://en.wikipedia.org/wiki/Giorgio_Francia
248,gimax,\N,\N,Carlo,Franchi,1/1/1938,Italian,http://en.wikipedia.org/wiki/Gimax
632,frere,\N,\N,Paul,Frère,1/30/1917,Belgian,http://en.wikipedia.org/wiki/Paul_Fr%C3%A8re
531,foyt,\N,\N,Anthony,Foyt,1/16/1935,American,http://en.wikipedia.org/wiki/A.J._Foyt
777,parker,\N,\N,Philip,Fotheringham-Parker,9/22/1907,British,http://en.wikipedia.org/wiki/Philip_Fotheringham-Parker
171,forini,\N,\N,Franco,Forini,9/22/1958,Swiss,http://en.wikipedia.org/wiki/Franco_Forini
534,force,\N,\N,Gene,Force,6/15/1916,American,http://en.wikipedia.org/wiki/Gene_Force
767,forberg,\N,\N,Carl,Forberg,3/4/1911,American,http://en.wikipedia.org/wiki/Carl_Forberg
568,fontes,\N,\N,Azdrubal,Fontes,12/26/1922,Uruguayan,http://en.wikipedia.org/wiki/Azdrubal_Fontes
82,fontana,\N,\N,Norberto,Fontana,1/20/1975,Argentine,http://en.wikipedia.org/wiki/Norberto_Fontana
730,fonder,\N,\N,George,Fonder,6/22/1917,American,http://en.wikipedia.org/wiki/George_Fonder
332,follmer,\N,\N,George,Follmer,1/27/1934,American,http://en.wikipedia.org/wiki/George_Follmer
148,foitek,\N,\N,Gregor,Foitek,3/27/1965,Swiss,http://en.wikipedia.org/wiki/Gregor_Foitek
795,fohr,\N,\N,Myron,Fohr,6/17/1912,American,http://en.wikipedia.org/wiki/Myron_Fohr
541,flockhart,\N,\N,Ron,Flockhart,6/16/1923,British,http://en.wikipedia.org/wiki/Ron_Flockhart_(auto_racing)
759,flinterman,\N,\N,Jan,Flinterman,10/2/1919,Dutch,http://en.wikipedia.org/wiki/Jan_Flinterman
559,flaherty,\N,\N,Pat,Flaherty,1/6/1926,American,http://en.wikipedia.org/wiki/Pat_Flaherty_(racing_driver)
713,fitzau,\N,\N,Theo,Fitzau,2/10/1923,East German,http://en.wikipedia.org/wiki/Theo_Fitzau
104,fittipaldi,\N,\N,Christian,Fittipaldi,1/18/1971,Brazilian,http://en.wikipedia.org/wiki/Christian_Fittipaldi
224,emerson_fittipaldi,\N,\N,Emerson,Fittipaldi,12/12/1946,Brazilian,http://en.wikipedia.org/wiki/Emerson_Fittipaldi
290,wilson_fittipaldi,\N,\N,Wilson,Fittipaldi,12/25/1943,Brazilian,http://en.wikipedia.org/wiki/Wilson_Fittipaldi
850,pietro_fittipaldi,51,FIT,Pietro,Fittipaldi,6/25/1996,Brazilian,http://en.wikipedia.org/wiki/Pietro_Fittipaldi
667,fitch,\N,\N,John,Fitch,8/4/1917,American,http://en.wikipedia.org/wiki/John_Fitch_(driver)
21,fisichella,\N,FIS,Giancarlo,Fisichella,1/14/1973,Italian,http://en.wikipedia.org/wiki/Giancarlo_Fisichella
392,fisher,\N,\N,Mike,Fisher,3/13/1943,American,http://en.wikipedia.org/wiki/Mike_Fisher_(driver)
723,fischer,\N,\N,Rudi,Fischer,4/19/1912,Swiss,http://en.wikipedia.org/wiki/Rudi_Fischer
52,firman,\N,\N,Ralph,Firman,5/20/1975,Irish,http://en.wikipedia.org/wiki/Ralph_Firman
654,faulkner,\N,\N,Walt,Faulkner,2/16/1920,American,http://en.wikipedia.org/wiki/Walt_Faulkner
642,farina,\N,\N,Nino,Farina,10/30/1906,Italian,http://en.wikipedia.org/wiki/Nino_Farina
579,fangio,\N,\N,Juan,Fangio,6/24/1911,Argentine,http://en.wikipedia.org/wiki/Juan_Manuel_Fangio
486,fairman,\N,\N,Jack,Fairman,3/15/1913,British,http://en.wikipedia.org/wiki/Jack_Fairman
786,fagioli,\N,\N,Luigi,Fagioli,1898-06-09,Italian,http://en.wikipedia.org/wiki/Luigi_Fagioli
325,facetti,\N,\N,Carlo,Facetti,6/26/1935,Italian,http://en.wikipedia.org/wiki/Carlo_Facetti
169,fabre,\N,\N,Pascal,Fabre,1/9/1960,French,http://en.wikipedia.org/wiki/Pascal_Fabre
170,fabi,\N,\N,Teo,Fabi,3/9/1955,Italian,http://en.wikipedia.org/wiki/Teo_Fabi
190,corrado_fabi,\N,\N,Corrado,Fabi,4/12/1961,Italian,http://en.wikipedia.org/wiki/Corrado_Fabi
276,evans,\N,\N,Bob,Evans,6/11/1947,British,http://en.wikipedia.org/wiki/Bob_Evans_(race_driver)
439,estefano,\N,\N,Nasif,Estéfano,11/18/1932,Argentine,http://en.wikipedia.org/wiki/Nasif_Est%C3%A9fano
229,ertl,\N,\N,Harald,Ertl,8/31/1948,Austrian,http://en.wikipedia.org/wiki/Harald_Ertl
828,ericsson,9,ERI,Marcus,Ericsson,9/2/1990,Swedish,http://en.wikipedia.org/wiki/Marcus_Ericsson
621,england,\N,\N,Paul,England,3/28/1929,Australian,http://en.wikipedia.org/wiki/Paul_England
61,enge,\N,\N,Tomáš,Enge,9/11/1976,Czech,http://en.wikipedia.org/wiki/Tom%C3%A1%C5%A1_Enge
585,emery,\N,\N,Paul,Emery,11/12/1916,British,http://en.wikipedia.org/wiki/Paul_Emery
596,elisian,\N,\N,Ed,Elisian,12/9/1926,American,http://en.wikipedia.org/wiki/Ed_Elisian
350,elford,\N,\N,Vic,Elford,6/10/1935,British,http://en.wikipedia.org/wiki/Vic_Elford
265,edwards,\N,\N,Guy,Edwards,12/30/1942,British,http://en.wikipedia.org/wiki/Guy_Edwards
614,edmunds,\N,\N,Don,Edmunds,9/23/1930,American,http://en.wikipedia.org/wiki/Don_Edmunds
587,ecclestone,\N,\N,Bernie,Ecclestone,10/28/1930,British,http://en.wikipedia.org/wiki/Bernie_Ecclestone
352,eaton,\N,\N,George,Eaton,11/12/1945,Canadian,http://en.wikipedia.org/wiki/George_Eaton
760,dusio,\N,\N,Piero,Dusio,1899-10-13,Italian,http://en.wikipedia.org/wiki/Piero_Dusio
678,duncan,\N,\N,Len,Duncan,7/25/1911,American,http://en.wikipedia.org/wiki/Len_Duncan
174,dumfries,\N,\N,Johnny,Dumfries,4/26/1958,British,http://en.wikipedia.org/wiki/Johnny_Dumfries
490,duke,\N,\N,Geoff,Duke,3/29/1923,British,http://en.wikipedia.org/wiki/Geoff_Duke
544,drogo,\N,\N,Piero,Drogo,8/8/1926,Italian,http://en.wikipedia.org/wiki/Piero_Drogo
310,driver,\N,\N,Paddy,Driver,5/13/1934,South African,http://en.wikipedia.org/wiki/Paddy_Driver
548,drake,\N,\N,Bob,Drake,12/14/1919,American,http://en.wikipedia.org/wiki/Bob_Drake_(Formula_One)
744,downing,\N,\N,Ken,Downing,12/5/1917,British,http://en.wikipedia.org/wiki/Ken_Downing
567,orey,\N,\N,Fritz,d'Orey,3/25/1938,Brazilian,http://en.wikipedia.org/wiki/Fritz_d%27Orey
38,doornbos,\N,DOO,Robert,Doornbos,9/23/1981,Dutch,http://en.wikipedia.org/wiki/Robert_Doornbos
288,donohue,\N,\N,Mark,Donohue,3/18/1937,American,http://en.wikipedia.org/wiki/Mark_Donohue
151,donnelly,\N,\N,Martin,Donnelly,3/26/1964,British,http://en.wikipedia.org/wiki/Martin_Donnelly_(racing_driver)
319,dolhem,\N,\N,José,Dolhem,4/26/1944,French,http://en.wikipedia.org/wiki/Jos%C3%A9_Dolhem
451,dochnal,\N,\N,Frank,Dochnal,10/8/1920,American,http://en.wikipedia.org/wiki/Frank_Dochnal
630,dinsmore,\N,\N,Duke,Dinsmore,4/10/1913,American,http://en.wikipedia.org/wiki/Duke_Dinsmore
64,diniz,\N,\N,Pedro,Diniz,5/22/1970,Brazilian,http://en.wikipedia.org/wiki/Pedro_Diniz
814,resta,\N,DIR,Paul,di Resta,4/16/1986,British,http://en.wikipedia.org/wiki/Paul_di_Resta
810,grassi,\N,DIG,Lucas,di Grassi,8/11/1984,Brazilian,http://en.wikipedia.org/wiki/Lucas_di_Grassi
221,depailler,\N,\N,Patrick,Depailler,8/9/1944,French,http://en.wikipedia.org/wiki/Patrick_Depailler
856,de_vries,45,DEV,Nyck,de Vries,2/6/1995,Dutch,http://en.wikipedia.org/wiki/Nyck_de_Vries
450,vos,\N,\N,Ernie,de Vos,7/1/1941,Dutch,http://en.wikipedia.org/wiki/Ernie_de_Vos
208,villota,\N,\N,Emilio,de Villota,7/26/1946,Spanish,http://en.wikipedia.org/wiki/Emilio_de_Villota
735,tornaco,\N,\N,Charles,de Tornaco,6/7/1927,Belgian,http://en.wikipedia.org/wiki/Charles_de_Tornaco
573,tomaso,\N,\N,Alessandro,de Tomaso,7/10/1928,Argentine-Italian,http://en.wikipedia.org/wiki/Alessandro_de_Tomaso
720,terra,\N,\N,Max,de Terra,10/6/1918,Swiss,http://en.wikipedia.org/wiki/Max_de_Terra
694,riu,\N,\N,Giovanni,de Riu,3/10/1925,Italian,http://en.wikipedia.org/wiki/Giovanni_de_Riu
606,portago,\N,\N,Alfonso,de Portago,10/11/1928,Spanish,http://en.wikipedia.org/wiki/Alfonso_de_Portago
37,rosa,\N,DLR,Pedro,de la Rosa,2/24/1971,Spanish,http://en.wikipedia.org/wiki/Pedro_de_la_Rosa
362,klerk,\N,\N,Peter,de Klerk,3/16/1935,South African,http://en.wikipedia.org/wiki/Peter_de_Klerk
640,graffenried,\N,\N,Toulo,de Graffenried,5/18/1914,Swiss,http://en.wikipedia.org/wiki/Toulo_de_Graffenried
551,filippis,\N,\N,Maria,de Filippis,11/11/1926,Italian,http://en.wikipedia.org/wiki/Maria_Teresa_de_Filippis
261,dryver,\N,\N,Bernard,de Dryver,9/19/1952,Belgian,http://en.wikipedia.org/wiki/Bernard_de_Dryver
550,Changy,\N,\N,Alain,de Changy,2/5/1922,Belgian,http://en.wikipedia.org/wiki/Alain_de_Changy
110,cesaris,\N,\N,Andrea,de Cesaris,5/31/1959,Italian,http://en.wikipedia.org/wiki/Andrea_de_Cesaris
430,beaufort,\N,\N,Carel Godin,de Beaufort,4/10/1934,Dutch,http://en.wikipedia.org/wiki/Carel_Godin_de_Beaufort
173,angelis,\N,\N,Elio,de Angelis,3/26/1958,Italian,http://en.wikipedia.org/wiki/Elio_de_Angelis
333,adamich,\N,\N,Andrea,de Adamich,10/3/1941,Italian,http://en.wikipedia.org/wiki/Andrea_de_Adamich
556,daywalt,\N,\N,Jimmy,Daywalt,8/28/1924,American,http://en.wikipedia.org/wiki/Jimmy_Daywalt
462,davis,\N,\N,Colin,Davis,7/29/1933,British,http://en.wikipedia.org/wiki/Colin_Davis_(driver)
653,davies,\N,\N,Jimmy,Davies,8/8/1929,American,http://en.wikipedia.org/wiki/Jimmy_Davies
19,davidson,\N,DAV,Anthony,Davidson,4/18/1979,British,http://en.wikipedia.org/wiki/Anthony_Davidson
672,daponte,\N,\N,Jorge,Daponte,6/5/1923,Argentine,http://en.wikipedia.org/wiki/Jorge_Daponte
157,danner,\N,\N,Christian,Danner,4/4/1958,German,http://en.wikipedia.org/wiki/Christian_Danner
816,ambrosio,\N,DAM,Jérôme,d'Ambrosio,12/27/1985,Belgian,http://en.wikipedia.org/wiki/J%C3%A9r%C3%B4me_d%27Ambrosio
206,daly,\N,\N,Derek,Daly,3/11/1953,Irish,http://en.wikipedia.org/wiki/Derek_Daly
114,dalmas,\N,\N,Yannick,Dalmas,7/28/1961,French,http://en.wikipedia.org/wiki/Yannick_Dalmas
507,daigh,\N,\N,Chuck,Daigh,11/29/1923,American,http://en.wikipedia.org/wiki/Chuck_Daigh
98,deletraz,\N,\N,Jean-Denis,Délétraz,10/1/1963,Swiss,http://en.wikipedia.org/wiki/Jean-Denis_Deletraz
624,ramos,\N,\N,Hernando,da Silva Ramos,12/7/1925,Brazilian,http://en.wikipedia.org/wiki/Hernando_da_Silva_Ramos
43,matta,\N,\N,Cristiano,da Matta,9/19/1973,Brazilian,http://en.wikipedia.org/wiki/Cristiano_da_Matta
698,cruz,\N,\N,Adolfo,Cruz,6/28/1923,Argentine,http://en.wikipedia.org/wiki/Adolfo_Schewelm_Cruz
785,crossley,\N,\N,Geoff,Crossley,5/11/1921,British,http://en.wikipedia.org/wiki/Geoff_Crossley
656,cross,\N,\N,Art,Cross,1/24/1918,American,http://en.wikipedia.org/wiki/Art_Cross
705,crook,\N,\N,Tony,Crook,2/16/1920,British,http://en.wikipedia.org/wiki/Tony_Crook
674,crockett,\N,\N,Larry,Crockett,10/23/1926,American,http://en.wikipedia.org/wiki/Larry_Crockett
504,creus,\N,\N,Antonio,Creus,10/28/1924,Spanish,http://en.wikipedia.org/wiki/Antonio_Creus
761,crespo,\N,\N,Alberto,Crespo,1/16/1920,Argentine,http://en.wikipedia.org/wiki/Alberto_Crespo
302,crawford,\N,\N,Jim,Crawford,2/13/1948,British,http://en.wikipedia.org/wiki/Jim_Crawford_(driver)
561,ray_crawford,\N,\N,Ray,Crawford,10/26/1915,American,http://en.wikipedia.org/wiki/Ray_Crawford
354,craft,\N,\N,Chris,Craft,11/17/1939,British,http://en.wikipedia.org/wiki/Chris_Craft_(racing_driver)
361,courage,\N,\N,Piers,Courage,5/27/1942,British,http://en.wikipedia.org/wiki/Piers_Courage
14,coulthard,\N,COU,David,Coulthard,3/27/1971,British,http://en.wikipedia.org/wiki/David_Coulthard
372,cordts,\N,\N,John,Cordts,7/23/1935,Canadian,http://en.wikipedia.org/wiki/John_Cordts
574,constantine,\N,\N,George,Constantine,2/22/1918,American,http://en.wikipedia.org/wiki/George_Constantine
726,george_connor,\N,\N,George,Connor,8/16/1906,American,http://en.wikipedia.org/wiki/George_Connor_(driver)
740,comotti,\N,\N,Franco,Comotti,7/24/1906,Italian,http://en.wikipedia.org/wiki/Franco_Comotti
100,comas,\N,\N,Érik,Comas,9/28/1963,French,http://en.wikipedia.org/wiki/%C3%89rik_Comas
244,colombo,\N,\N,Alberto,Colombo,2/23/1946,Italian,http://en.wikipedia.org/wiki/Alberto_Colombo
428,collomb,\N,\N,Bernard,Collomb,10/7/1930,French,http://en.wikipedia.org/wiki/Bernard_Collomb
581,collins,\N,\N,Peter,Collins,11/6/1931,British,http://en.wikipedia.org/wiki/Peter_Collins_(racing_driver)
214,cogan,\N,\N,Kevin,Cogan,3/31/1956,American,http://en.wikipedia.org/wiki/Kevin_Cogan
373,clark,\N,\N,Jim,Clark,3/4/1936,British,http://en.wikipedia.org/wiki/Jim_Clark
416,clapham,\N,\N,David,Clapham,5/18/1931,South African,http://en.wikipedia.org/wiki/David_Clapham
660,claes,\N,\N,Johnny,Claes,8/11/1916,Belgian,http://en.wikipedia.org/wiki/Johnny_Claes
516,christie,\N,\N,Bob,Christie,4/4/1924,American,http://en.wikipedia.org/wiki/Bob_Christie_(racing_driver)
794,chitwood,\N,\N,Joie,Chitwood,4/14/1912,American,http://en.wikipedia.org/wiki/Joie_Chitwood
589,chiron,\N,\N,Louis,Chiron,1899-08-03,Monegasque,http://en.wikipedia.org/wiki/Louis_Chiron
503,chimeri,\N,\N,Ettore,Chimeri,6/4/1921,Venezuelan,http://en.wikipedia.org/wiki/Ettore_Chimeri
820,chilton,4,CHI,Max,Chilton,4/21/1991,British,http://en.wikipedia.org/wiki/Max_Chilton
130,chiesa,\N,\N,Andrea,Chiesa,5/6/1964,Swiss,http://en.wikipedia.org/wiki/Andrea_Chiesa
158,cheever,\N,\N,Eddie,Cheever,1/10/1958,American,http://en.wikipedia.org/wiki/Eddie_Cheever
560,cheesbourg,\N,\N,Bill,Cheesbourg,6/12/1927,American,http://en.wikipedia.org/wiki/Bill_Cheesbourg
142,chaves,\N,\N,Pedro,Chaves,2/27/1965,Portuguese,http://en.wikipedia.org/wiki/Pedro_Chaves
293,charlton,\N,\N,Dave,Charlton,10/27/1936,South African,http://en.wikipedia.org/wiki/Dave_Charlton
635,chapman,\N,\N,Colin,Chapman,5/19/1928,British,http://en.wikipedia.org/wiki/Colin_Chapman
812,chandhok,\N,CHA,Karun,Chandhok,1/19/1984,Indian,http://en.wikipedia.org/wiki/Karun_Chandhok
463,chamberlain,\N,\N,Jay,Chamberlain,12/29/1925,American,http://en.wikipedia.org/wiki/Jay_Chamberlain
774,chaboud,\N,\N,Eugène,Chaboud,4/12/1907,French,http://en.wikipedia.org/wiki/Eug%C3%A8ne_Chaboud
327,cevert,\N,\N,François,Cevert,2/25/1944,French,http://en.wikipedia.org/wiki/Fran%C3%A7ois_Cevert
188,cecotto,\N,\N,Johnny,Cecotto,1/25/1956,Venezuelan,http://en.wikipedia.org/wiki/Johnny_Cecotto
608,castellotti,\N,\N,Eugenio,Castellotti,10/10/1930,Italian,http://en.wikipedia.org/wiki/Eugenio_Castellotti
518,darter,\N,\N,Duane,Carter,5/5/1913,American,http://en.wikipedia.org/wiki/Duane_Carter
722,carini,\N,\N,Piero,Carini,3/6/1921,Italian,http://en.wikipedia.org/wiki/Piero_Carini
122,capelli,\N,\N,Ivan,Capelli,5/24/1963,Italian,http://en.wikipedia.org/wiki/Ivan_Capelli
803,cantrell,\N,\N,Bill,Cantrell,1/31/1908,American,http://en.wikipedia.org/wiki/William_Cantrell
748,cantoni,\N,\N,Eitel,Cantoni,10/4/1906,Uruguayan,http://en.wikipedia.org/wiki/Eitel_Cantoni
355,Cannoc,\N,\N,John,Cannon,6/21/1933,Canadian,http://en.wikipedia.org/wiki/John_Cannon_(auto_racer)
167,campos,\N,\N,Adrián,Campos,6/17/1960,Spanish,http://en.wikipedia.org/wiki/Adri%C3%A1n_Campos
436,campbell-jones,\N,\N,John,Campbell-Jones,1/21/1930,British,http://en.wikipedia.org/wiki/John_Campbell-Jones
133,caffi,\N,\N,Alex,Caffi,3/18/1964,Italian,http://en.wikipedia.org/wiki/Alex_Caffi
576,cade,\N,\N,Phil,Cade,6/12/1916,American,http://en.wikipedia.org/wiki/Phil_Cade
432,cabral,\N,\N,Mário de Araújo,Cabral,1/15/1934,Portuguese,http://en.wikipedia.org/wiki/Mario_de_Araujo_Cabral
543,cabianca,\N,\N,Giulio,Cabianca,2/19/1923,Italian,http://en.wikipedia.org/wiki/Giulio_Cabianca
704,cabantous,\N,\N,Yves,Cabantous,10/8/1904,French,http://en.wikipedia.org/wiki/Yves_Giraud_Cabantous
210,byrne,\N,\N,Tommy,Byrne,5/6/1958,Irish,http://en.wikipedia.org/wiki/Tommy_Byrne_%28racing_driver%29
18,button,22,BUT,Jenson,Button,1/19/1980,British,http://en.wikipedia.org/wiki/Jenson_Button
424,bussinello,\N,\N,Roberto,Bussinello,10/4/1927,Italian,http://en.wikipedia.org/wiki/Roberto_Bussinello
54,burti,\N,\N,Luciano,Burti,3/5/1975,Brazilian,http://en.wikipedia.org/wiki/Luciano_Burti
437,burgess,\N,\N,Ian,Burgess,7/6/1930,British,http://en.wikipedia.org/wiki/Ian_Burgess
331,bueno,\N,\N,Luiz,Bueno,1/16/1937,Brazilian,http://en.wikipedia.org/wiki/Luiz_Bueno
67,buemi,\N,BUE,Sébastien,Buemi,10/31/1988,Swiss,http://en.wikipedia.org/wiki/S%C3%A9bastien_Buemi
549,bueb,\N,\N,Ivor,Bueb,6/6/1923,British,http://en.wikipedia.org/wiki/Ivor_Bueb
405,bucknum,\N,\N,Ronnie,Bucknum,4/5/1936,American,http://en.wikipedia.org/wiki/Ronnie_Bucknum
645,bucci,\N,\N,Clemar,Bucci,9/4/1920,Argentine,http://en.wikipedia.org/wiki/Clemar_Bucci
525,bryan,\N,\N,Jimmy,Bryan,1/28/1926,American,http://en.wikipedia.org/wiki/Jimmy_Bryan
46,bruni,\N,\N,Gianmaria,Bruni,5/30/1981,Italian,http://en.wikipedia.org/wiki/Gianmaria_Bruni
84,brundle,\N,\N,Martin,Brundle,6/1/1959,British,http://en.wikipedia.org/wiki/Martin_Brundle
750,brudes,\N,\N,Adolf,Brudes,1899-10-15,German,http://en.wikipedia.org/wiki/Adolf_Brudes
286,brown,\N,\N,Warwick,Brown,12/24/1949,Australian,http://en.wikipedia.org/wiki/Warwick_Brown
689,alan_brown,\N,\N,Alan,Brown,11/20/1919,British,http://en.wikipedia.org/wiki/Alan_Brown_(racing_driver)
771,walt_brown,\N,\N,Walt,Brown,12/30/1911,American,http://en.wikipedia.org/wiki/Walt_Brown_(auto_racer)
479,brooks,\N,\N,Tony,Brooks,2/25/1932,British,http://en.wikipedia.org/wiki/Tony_Brooks
448,broeker,\N,\N,Peter,Broeker,5/15/1926,Canadian,http://en.wikipedia.org/wiki/Peter_Broeker
505,bristow,\N,\N,Chris,Bristow,12/2/1937,British,http://en.wikipedia.org/wiki/Chris_Bristow
294,brise,\N,\N,Tony,Brise,3/28/1952,British,http://en.wikipedia.org/wiki/Tony_Brise
605,bridger,\N,\N,Tom,Bridger,6/24/1934,British,http://en.wikipedia.org/wiki/Tom_Bridger
511,branson,\N,\N,Don,Branson,6/2/1920,American,http://en.wikipedia.org/wiki/Don_Branson
688,brandon,\N,\N,Eric,Brandon,7/18/1920,British,http://en.wikipedia.org/wiki/Eric_Brandon
234,brancatelli,\N,\N,Gianfranco,Brancatelli,1/18/1950,Italian,http://en.wikipedia.org/wiki/Gianfranco_Brancatelli
780,branca,\N,\N,Toni,Branca,9/15/1916,Swiss,http://en.wikipedia.org/wiki/Toni_Branca
230,brambilla,\N,\N,Vittorio,Brambilla,11/11/1937,Italian,http://en.wikipedia.org/wiki/Vittorio_Brambilla
443,ernesto_brambilla,\N,\N,Ernesto,Brambilla,1/31/1934,Italian,http://en.wikipedia.org/wiki/Ernesto_Brambilla
343,brack,\N,\N,Bill,Brack,12/26/1935,Canadian,http://en.wikipedia.org/wiki/Bill_Brack
101,brabham,\N,\N,David,Brabham,9/5/1965,Australian,http://en.wikipedia.org/wiki/David_Brabham
150,gary_brabham,\N,\N,Gary,Brabham,3/29/1961,Australian,http://en.wikipedia.org/wiki/Gary_Brabham
356,jack_brabham,\N,\N,Jack,Brabham,4/2/1926,Australian,http://en.wikipedia.org/wiki/Jack_Brabham
533,boyd,\N,\N,Johnny,Boyd,8/19/1926,American,http://en.wikipedia.org/wiki/Johnny_Boyd
123,boutsen,\N,\N,Thierry,Boutsen,7/13/1957,Belgian,http://en.wikipedia.org/wiki/Thierry_Boutsen
7,bourdais,\N,BOU,Sébastien,Bourdais,2/28/1979,French,http://en.wikipedia.org/wiki/S%C3%A9bastien_Bourdais
96,boullion,\N,\N,Jean-Christophe,Boullion,12/27/1969,French,http://en.wikipedia.org/wiki/Jean-Christophe_Boullion
822,bottas,77,BOT,Valtteri,Bottas,8/28/1989,Finnish,http://en.wikipedia.org/wiki/Valtteri_Bottas
384,botha,\N,\N,Luki,Botha,1/16/1930,South African,http://en.wikipedia.org/wiki/Luki_Botha
201,borgudd,\N,\N,Slim,Borgudd,11/25/1946,Swedish,http://en.wikipedia.org/wiki/Slim_Borgudd
485,bordeu,\N,\N,Juan Manuel,Bordeu,1/28/1934,Argentine,http://en.wikipedia.org/wiki/Juan_Manuel_Bordeu
499,bonomi,\N,\N,Roberto,Bonomi,9/30/1919,Argentine,http://en.wikipedia.org/wiki/Roberto_Bonomi
347,bonnier,\N,\N,Jo,Bonnier,1/31/1930,Swedish,http://en.wikipedia.org/wiki/Joakim_Bonnier
697,bonetto,\N,\N,Felice,Bonetto,6/9/1903,Italian,http://en.wikipedia.org/wiki/Felice_Bonetto
396,bondurant,\N,\N,Bob,Bondurant,4/27/1933,American,http://en.wikipedia.org/wiki/Bob_Bondurant
492,boffa,\N,\N,Menato,Boffa,1/4/1930,Italian,http://en.wikipedia.org/wiki/Menato_Boffa
196,boesel,\N,\N,Raul,Boesel,12/4/1957,Brazilian,http://en.wikipedia.org/wiki/Raul_Boesel
87,blundell,\N,\N,Mark,Blundell,4/8/1966,British,http://en.wikipedia.org/wiki/Mark_Blundell
409,blokdyk,\N,\N,Trevor,Blokdyk,11/30/1935,South African,http://en.wikipedia.org/wiki/Trevor_Blokdyk
417,blignaut,\N,\N,Alex,Blignaut,11/30/1932,South African,http://en.wikipedia.org/wiki/Alex_Blignaut
247,bleekemolen,\N,\N,Michael,Bleekemolen,10/2/1949,Dutch,http://en.wikipedia.org/wiki/Michael_Bleekemolen
572,blanchard,\N,\N,Harry,Blanchard,6/13/1929,American,http://en.wikipedia.org/wiki/Harry_Blanchard
599,bisch,\N,\N,Art,Bisch,11/10/1926,American,http://en.wikipedia.org/wiki/Art_Bisch
649,birger,\N,\N,Pablo,Birger,1/7/1924,Argentine,http://en.wikipedia.org/wiki/Pablo_Birger
669,bira,\N,\N,Prince,Bira,7/15/1914,Thai,http://en.wikipedia.org/wiki/Prince_Bira
791,biondetti,\N,\N,Clemente,Biondetti,1898-08-18,Italian,http://en.wikipedia.org/wiki/Clemente_Biondetti
246,binder,\N,\N,Hans,Binder,6/12/1948,Austrian,http://en.wikipedia.org/wiki/Hans_Binder
746,bianco,\N,\N,Gino,Bianco,7/22/1916,Brazilian,http://en.wikipedia.org/wiki/Gino_Bianco
376,bianchi,\N,BIA,Lucien,Bianchi,11/10/1934,Belgian,http://en.wikipedia.org/wiki/Lucien_Bianchi
824,jules_bianchi,17,BIA,Jules,Bianchi,8/3/1989,French,http://en.wikipedia.org/wiki/Jules_Bianchi
329,beuttler,\N,\N,Mike,Beuttler,4/13/1940,British,http://en.wikipedia.org/wiki/Mike_Beuttler
529,bettenhausen,\N,\N,Tony,Bettenhausen,9/12/1916,American,http://en.wikipedia.org/wiki/Tony_Bettenhausen
134,bertaggia,\N,\N,Enrico,Bertaggia,9/19/1964,Italian,http://en.wikipedia.org/wiki/Enrico_Bertaggia
59,bernoldi,\N,\N,Enrique,Bernoldi,10/19/1978,Brazilian,http://en.wikipedia.org/wiki/Enrique_Bernoldi
103,bernard,\N,\N,Éric,Bernard,8/24/1964,French,http://en.wikipedia.org/wiki/%C3%89ric_Bernard
77,berger,\N,\N,Gerhard,Berger,8/27/1959,Austrian,http://en.wikipedia.org/wiki/Gerhard_Berger
681,georges_berger,\N,\N,Georges,Berger,9/14/1918,Belgian,http://en.wikipedia.org/wiki/Georges_Berger
180,berg,\N,\N,Allen,Berg,8/1/1961,Canadian,http://en.wikipedia.org/wiki/Allen_Berg
106,beretta,\N,\N,Olivier,Beretta,11/23/1969,Monegasque,http://en.wikipedia.org/wiki/Olivier_Beretta
306,beltoise,\N,\N,Jean-Pierre,Beltoise,4/26/1937,French,http://en.wikipedia.org/wiki/Jean-Pierre_Beltoise
311,belso,\N,\N,Tom,Belsø,8/27/1942,Danish,http://en.wikipedia.org/wiki/Tom_Bels%C3%B8
108,belmondo,\N,\N,Paul,Belmondo,4/23/1963,French,http://en.wikipedia.org/wiki/Paul_Belmondo
185,bellof,\N,\N,Stefan,Bellof,11/20/1957,German,http://en.wikipedia.org/wiki/Stefan_Bellof
321,bell,\N,\N,Derek,Bell,10/31/1941,British,http://en.wikipedia.org/wiki/Derek_Bell_(auto_racer)
554,behra,\N,\N,Jean,Behra,2/16/1921,French,http://en.wikipedia.org/wiki/Jean_Behra
715,bechem,\N,\N,Günther,Bechem,12/21/1921,German,http://en.wikipedia.org/wiki/G%C3%BCnther_Bechem
682,beauman,\N,\N,Don,Beauman,7/26/1928,British,http://en.wikipedia.org/wiki/Don_Beauman
625,bayol,\N,\N,Élie,Bayol,2/28/1914,French,http://en.wikipedia.org/wiki/%C3%89lie_Bayol
47,baumgartner,\N,\N,Zsolt,Baumgartner,1/1/1981,Hungarian,http://en.wikipedia.org/wiki/Zsolt_Baumgartner
716,bauer,\N,\N,Erwin,Bauer,7/17/1912,German,http://en.wikipedia.org/wiki/Erwin_Bauer
426,bassi,\N,\N,Giorgio,Bassi,1/20/1934,Italian,http://en.wikipedia.org/wiki/Giorgio_Bassi
431,barth,\N,\N,Edgar,Barth,1/26/1917,German,http://en.wikipedia.org/wiki/Edgar_Barth
143,bartels,\N,\N,Michael,Bartels,3/8/1968,German,http://en.wikipedia.org/wiki/Michael_Bartels
22,barrichello,\N,BAR,Rubens,Barrichello,5/23/1972,Brazilian,http://en.wikipedia.org/wiki/Rubens_Barrichello
147,barilla,\N,\N,Paolo,Barilla,4/20/1961,Italian,http://en.wikipedia.org/wiki/Paolo_Barilla
342,barber,\N,\N,Skip,Barber,11/16/1936,American,http://en.wikipedia.org/wiki/Skip_Barber
696,john_barber,\N,\N,John,Barber,7/22/1929,British,http://en.wikipedia.org/wiki/John_Barber_(racing_driver)
120,barbazza,\N,\N,Fabrizio,Barbazza,4/2/1963,Italian,http://en.wikipedia.org/wiki/Fabrizio_Barbazza
731,banks,\N,\N,Henry,Banks,6/14/1913,American,http://en.wikipedia.org/wiki/Henry_Banks
385,bandini,\N,\N,Lorenzo,Bandini,12/21/1935,Italian,http://en.wikipedia.org/wiki/Lorenzo_Bandini
754,balsa,\N,\N,Marcel,Balsa,1/1/1909,French,http://en.wikipedia.org/wiki/Marcel_Balsa
734,ball,\N,\N,Bobby,Ball,8/26/1925,American,http://en.wikipedia.org/wiki/Bobby_Ball_(auto_racer)
184,baldi,\N,\N,Mauro,Baldi,1/31/1954,Italian,http://en.wikipedia.org/wiki/Mauro_Baldi
141,bailey,\N,\N,Julian,Bailey,10/9/1961,British,http://en.wikipedia.org/wiki/Julian_Bailey
394,baghetti,\N,\N,Giancarlo,Baghetti,12/25/1934,Italian,http://en.wikipedia.org/wiki/Giancarlo_Baghetti
69,badoer,\N,BAD,Luca,Badoer,1/25/1971,Italian,http://en.wikipedia.org/wiki/Luca_Badoer
675,ayulo,\N,\N,Manny,Ayulo,10/20/1921,American,http://en.wikipedia.org/wiki/Manny_Ayulo
370,attwood,\N,\N,Richard,Attwood,4/4/1940,British,http://en.wikipedia.org/wiki/Richard_Attwood
749,aston,\N,\N,Bill,Aston,3/29/1900,British,http://en.wikipedia.org/wiki/Bill_Aston
460,ashmore,\N,\N,Gerry,Ashmore,7/25/1936,British,http://en.wikipedia.org/wiki/Gerry_Ashmore
270,ashley,\N,\N,Ian,Ashley,10/26/1947,British,http://en.wikipedia.org/wiki/Ian_Ashley
569,ashdown,\N,\N,Peter,Ashdown,10/16/1934,British,http://en.wikipedia.org/wiki/Peter_Ashdown
647,ascari,\N,\N,Alberto,Ascari,7/13/1918,Italian,http://en.wikipedia.org/wiki/Alberto_Ascari
397,arundell,\N,\N,Peter,Arundell,11/8/1933,British,http://en.wikipedia.org/wiki/Peter_Arundell
163,arnoux,\N,\N,René,Arnoux,7/4/1948,French,http://en.wikipedia.org/wiki/Ren%C3%A9_Arnoux
557,arnold,\N,\N,Chuck,Arnold,5/30/1926,American,http://en.wikipedia.org/wiki/Chuck_Arnold
676,armi,\N,\N,Frank,Armi,10/12/1918,American,http://en.wikipedia.org/wiki/Frank_Armi
124,apicella,\N,\N,Marco,Apicella,10/7/1965,Italian,http://en.wikipedia.org/wiki/Marco_Apicella
631,andrews,\N,\N,Keith,Andrews,6/15/1920,American,http://en.wikipedia.org/wiki/Keith_Andrews_(driver)
121,andretti,\N,\N,Michael,Andretti,10/5/1962,American,http://en.wikipedia.org/wiki/Michael_Andretti
207,mario_andretti,\N,\N,Mario,Andretti,2/28/1940,American,http://en.wikipedia.org/wiki/Mario_Andretti
260,andersson,\N,\N,Conny,Andersson,12/28/1939,Swedish,http://en.wikipedia.org/wiki/Conny_Andersson_(racing_driver)
383,anderson,\N,\N,Bob,Anderson,5/19/1931,British,http://en.wikipedia.org/wiki/Bob_Anderson_(racing_driver)
278,amon,\N,\N,Chris,Amon,7/20/1943,New Zealander,http://en.wikipedia.org/wiki/Chris_Amon
517,amick,\N,\N,Red,Amick,1/19/1929,American,http://en.wikipedia.org/wiki/Red_Amick
591,george_amick,\N,\N,George,Amick,10/24/1924,American,http://en.wikipedia.org/wiki/George_Amick
132,amati,\N,\N,Giovanna,Amati,7/20/1959,Italian,http://en.wikipedia.org/wiki/Giovanna_Amati
4,alonso,14,ALO,Fernando,Alonso,7/29/1981,Spanish,http://en.wikipedia.org/wiki/Fernando_Alonso
477,allison,\N,\N,Cliff,Allison,2/8/1932,British,http://en.wikipedia.org/wiki/Cliff_Allison
112,alliot,\N,\N,Philippe,Alliot,7/27/1954,French,http://en.wikipedia.org/wiki/Philippe_Alliot
153,alguersuari,\N,ALG,Jaime,Alguersuari,3/23/1990,Spanish,http://en.wikipedia.org/wiki/Jaime_Alguersuari
55,alesi,\N,\N,Jean,Alesi,6/11/1964,French,http://en.wikipedia.org/wiki/Jean_Alesi
105,alboreto,\N,\N,Michele,Alboreto,12/23/1956,Italian,http://en.wikipedia.org/wiki/Michele_Alboreto
848,albon,23,ALB,Alexander,Albon,3/23/1996,Thai,http://en.wikipedia.org/wiki/Alexander_Albon
27,albers,\N,ALB,Christijan,Albers,4/16/1979,Dutch,http://en.wikipedia.org/wiki/Christijan_Albers
851,aitken,89,AIT,Jack,Aitken,9/23/1995,British,http://en.wikipedia.org/wiki/Jack_Aitken
379,ahrens,\N,\N,Kurt,Ahrens,4/19/1940,German,"http://en.wikipedia.org/wiki/Kurt_Ahrens,_Jr."
615,agabashian,\N,\N,Fred,Agabashian,8/21/1913,American,http://en.wikipedia.org/wiki/Fred_Agabashian
714,adolff,\N,\N,Kurt,Adolff,11/5/1921,German,http://en.wikipedia.org/wiki/Kurt_Adolff
796,ader,\N,\N,Walt,Ader,12/15/1913,American,http://en.wikipedia.org/wiki/Walt_Ader
113,adams,\N,\N,Philippe,Adams,11/19/1969,Belgian,http://en.wikipedia.org/wiki/Philippe_Adams
186,acheson,\N,\N,Kenny,Acheson,11/27/1957,British,http://en.wikipedia.org/wiki/Kenny_Acheson
725,abecassis,\N,\N,George,Abecassis,3/21/1913,British,http://en.wikipedia.org/wiki/George_Abecassis
446,abate,\N,\N,Carlo,Abate,7/10/1932,Italian,http://en.wikipedia.org/wiki/Carlo_Mario_Abate
741,etancelin,\N,\N,Philippe,Étancelin,1896-12-28,French,http://en.wikipedia.org/wiki/Philippe_%C3%89tancelin
